entity_id,state,last_changed
sensor.153931628473058_total_energy_consumption,1347.27,2026-03-18T22:00:00.000Z
sensor.153931628473058_total_energy_consumption,1347.29,2026-03-18T22:00:15.143Z
sensor.153931628473058_total_energy_consumption,1347.3,2026-03-18T22:00:48.321Z
sensor.153931628473058_total_energy_consumption,1347.31,2026-03-18T22:01:21.630Z
sensor.153931628473058_total_energy_consumption,1347.32,2026-03-18T22:01:54.941Z
sensor.153931628473058_total_energy_consumption,1347.33,2026-03-18T22:02:28.119Z
sensor.153931628473058_total_energy_consumption,1347.34,2026-03-18T22:03:01.384Z
sensor.153931628473058_total_energy_consumption,1347.36,2026-03-18T22:03:34.605Z
sensor.153931628473058_total_energy_consumption,1347.37,2026-03-18T22:04:07.934Z
sensor.153931628473058_total_energy_consumption,1347.38,2026-03-18T22:04:41.281Z
sensor.153931628473058_total_energy_consumption,1347.39,2026-03-18T22:05:14.531Z
sensor.153931628473058_total_energy_consumption,1347.4,2026-03-18T22:05:47.728Z
sensor.153931628473058_total_energy_consumption,1347.41,2026-03-18T22:06:21.044Z
sensor.153931628473058_total_energy_consumption,1347.42,2026-03-18T22:06:54.238Z
sensor.153931628473058_total_energy_consumption,1347.44,2026-03-18T22:07:27.417Z
sensor.153931628473058_total_energy_consumption,1347.45,2026-03-18T22:08:00.603Z
sensor.153931628473058_total_energy_consumption,1347.47,2026-03-18T22:09:07.758Z
sensor.153931628473058_total_energy_consumption,1347.48,2026-03-18T22:09:41.099Z
sensor.153931628473058_total_energy_consumption,1347.49,2026-03-18T22:10:14.293Z
sensor.153931628473058_total_energy_consumption,1347.5,2026-03-18T22:10:47.558Z
sensor.153931628473058_total_energy_consumption,1347.52,2026-03-18T22:11:20.869Z
sensor.153931628473058_total_energy_consumption,1347.53,2026-03-18T22:11:54.169Z
sensor.153931628473058_total_energy_consumption,1347.54,2026-03-18T22:12:28.419Z
sensor.153931628473058_total_energy_consumption,1347.55,2026-03-18T22:13:01.673Z
sensor.153931628473058_total_energy_consumption,1347.56,2026-03-18T22:13:34.913Z
sensor.153931628473058_total_energy_consumption,1347.57,2026-03-18T22:14:08.227Z
sensor.153931628473058_total_energy_consumption,1347.58,2026-03-18T22:14:41.363Z
sensor.153931628473058_total_energy_consumption,1347.6,2026-03-18T22:15:14.662Z
sensor.153931628473058_total_energy_consumption,1347.61,2026-03-18T22:15:48.834Z
sensor.153931628473058_total_energy_consumption,1347.62,2026-03-18T22:16:22.073Z
sensor.153931628473058_total_energy_consumption,1347.63,2026-03-18T22:16:55.344Z
sensor.153931628473058_total_energy_consumption,1347.64,2026-03-18T22:17:28.604Z
sensor.153931628473058_total_energy_consumption,1347.65,2026-03-18T22:18:01.830Z
sensor.153931628473058_total_energy_consumption,1347.66,2026-03-18T22:18:35.106Z
sensor.153931628473058_total_energy_consumption,1347.68,2026-03-18T22:19:08.382Z
sensor.153931628473058_total_energy_consumption,1347.69,2026-03-18T22:19:41.669Z
sensor.153931628473058_total_energy_consumption,1347.7,2026-03-18T22:20:14.991Z
sensor.153931628473058_total_energy_consumption,1347.71,2026-03-18T22:20:48.161Z
sensor.153931628473058_total_energy_consumption,1347.72,2026-03-18T22:21:21.475Z
sensor.153931628473058_total_energy_consumption,1347.73,2026-03-18T22:21:54.723Z
sensor.153931628473058_total_energy_consumption,1347.74,2026-03-18T22:22:27.922Z
sensor.153931628473058_total_energy_consumption,1347.76,2026-03-18T22:23:01.286Z
sensor.153931628473058_total_energy_consumption,1347.77,2026-03-18T22:23:34.628Z
sensor.153931628473058_total_energy_consumption,1347.78,2026-03-18T22:24:07.814Z
sensor.153931628473058_total_energy_consumption,1347.79,2026-03-18T22:24:41.040Z
sensor.153931628473058_total_energy_consumption,1347.8,2026-03-18T22:25:14.290Z
sensor.153931628473058_total_energy_consumption,1347.81,2026-03-18T22:25:47.577Z
sensor.153931628473058_total_energy_consumption,1347.82,2026-03-18T22:26:20.824Z
sensor.153931628473058_total_energy_consumption,1347.84,2026-03-18T22:26:54.044Z
sensor.153931628473058_total_energy_consumption,1347.85,2026-03-18T22:27:28.404Z
sensor.153931628473058_total_energy_consumption,1347.86,2026-03-18T22:28:02.194Z
sensor.153931628473058_total_energy_consumption,1347.87,2026-03-18T22:28:35.447Z
sensor.153931628473058_total_energy_consumption,1347.88,2026-03-18T22:29:08.638Z
sensor.153931628473058_total_energy_consumption,1347.89,2026-03-18T22:29:41.876Z
sensor.153931628473058_total_energy_consumption,1347.9,2026-03-18T22:30:15.285Z
sensor.153931628473058_total_energy_consumption,1347.91,2026-03-18T22:30:48.627Z
sensor.153931628473058_total_energy_consumption,1347.93,2026-03-18T22:31:21.941Z
sensor.153931628473058_total_energy_consumption,1347.94,2026-03-18T22:31:55.232Z
sensor.153931628473058_total_energy_consumption,1347.95,2026-03-18T22:32:28.475Z
sensor.153931628473058_total_energy_consumption,1347.96,2026-03-18T22:33:01.783Z
sensor.153931628473058_total_energy_consumption,1347.97,2026-03-18T22:33:35.094Z
sensor.153931628473058_total_energy_consumption,1347.98,2026-03-18T22:34:08.424Z
sensor.153931628473058_total_energy_consumption,1347.99,2026-03-18T22:34:41.696Z
sensor.153931628473058_total_energy_consumption,1348.0,2026-03-18T22:35:14.996Z
sensor.153931628473058_total_energy_consumption,1348.01,2026-03-18T22:35:48.164Z
sensor.153931628473058_total_energy_consumption,1348.03,2026-03-18T22:36:21.366Z
sensor.153931628473058_total_energy_consumption,1348.04,2026-03-18T22:36:54.544Z
sensor.153931628473058_total_energy_consumption,1348.05,2026-03-18T22:37:27.865Z
sensor.153931628473058_total_energy_consumption,1348.06,2026-03-18T22:38:01.077Z
sensor.153931628473058_total_energy_consumption,1348.07,2026-03-18T22:38:34.291Z
sensor.153931628473058_total_energy_consumption,1348.08,2026-03-18T22:39:07.551Z
sensor.153931628473058_total_energy_consumption,1348.09,2026-03-18T22:39:40.771Z
sensor.153931628473058_total_energy_consumption,1348.1,2026-03-18T22:40:14.026Z
sensor.153931628473058_total_energy_consumption,1348.11,2026-03-18T22:40:47.268Z
sensor.153931628473058_total_energy_consumption,1348.13,2026-03-18T22:41:20.564Z
sensor.153931628473058_total_energy_consumption,1348.14,2026-03-18T22:41:54.728Z
sensor.153931628473058_total_energy_consumption,1348.15,2026-03-18T22:42:28.987Z
sensor.153931628473058_total_energy_consumption,1348.16,2026-03-18T22:43:02.757Z
sensor.153931628473058_total_energy_consumption,1348.17,2026-03-18T22:43:36.092Z
sensor.153931628473058_total_energy_consumption,1348.18,2026-03-18T22:44:09.404Z
sensor.153931628473058_total_energy_consumption,1348.19,2026-03-18T22:44:42.632Z
sensor.153931628473058_total_energy_consumption,1348.21,2026-03-18T22:45:15.871Z
sensor.153931628473058_total_energy_consumption,1348.22,2026-03-18T22:45:49.159Z
sensor.153931628473058_total_energy_consumption,1348.23,2026-03-18T22:46:22.335Z
sensor.153931628473058_total_energy_consumption,1348.24,2026-03-18T22:46:55.503Z
sensor.153931628473058_total_energy_consumption,1348.25,2026-03-18T22:47:28.759Z
sensor.153931628473058_total_energy_consumption,1348.26,2026-03-18T22:48:02.111Z
sensor.153931628473058_total_energy_consumption,1348.27,2026-03-18T22:48:35.280Z
sensor.153931628473058_total_energy_consumption,1348.28,2026-03-18T22:49:08.531Z
sensor.153931628473058_total_energy_consumption,1348.29,2026-03-18T22:49:41.777Z
sensor.153931628473058_total_energy_consumption,1348.31,2026-03-18T22:50:15.037Z
sensor.153931628473058_total_energy_consumption,1348.32,2026-03-18T22:50:48.193Z
sensor.153931628473058_total_energy_consumption,1348.33,2026-03-18T22:51:21.431Z
sensor.153931628473058_total_energy_consumption,1348.34,2026-03-18T22:51:54.791Z
sensor.153931628473058_total_energy_consumption,1348.35,2026-03-18T22:52:29.236Z
sensor.153931628473058_total_energy_consumption,1348.36,2026-03-18T22:53:02.497Z
sensor.153931628473058_total_energy_consumption,1348.37,2026-03-18T22:53:36.363Z
sensor.153931628473058_total_energy_consumption,1348.38,2026-03-18T22:54:10.680Z
sensor.153931628473058_total_energy_consumption,1348.4,2026-03-18T22:54:43.788Z
sensor.153931628473058_total_energy_consumption,1348.41,2026-03-18T22:55:17.081Z
sensor.153931628473058_total_energy_consumption,1348.42,2026-03-18T22:55:50.250Z
sensor.153931628473058_total_energy_consumption,1348.43,2026-03-18T22:56:23.546Z
sensor.153931628473058_total_energy_consumption,1348.44,2026-03-18T22:56:56.653Z
sensor.153931628473058_total_energy_consumption,1348.45,2026-03-18T22:57:31.384Z
sensor.153931628473058_total_energy_consumption,1348.46,2026-03-18T22:58:04.599Z
sensor.153931628473058_total_energy_consumption,1348.47,2026-03-18T22:58:37.884Z
sensor.153931628473058_total_energy_consumption,1348.48,2026-03-18T22:59:11.207Z
sensor.153931628473058_total_energy_consumption,1348.49,2026-03-18T22:59:44.381Z
sensor.153931628473058_total_energy_consumption,1348.51,2026-03-18T23:00:17.638Z
sensor.153931628473058_total_energy_consumption,1348.52,2026-03-18T23:00:50.856Z
sensor.153931628473058_total_energy_consumption,1348.53,2026-03-18T23:01:24.120Z
sensor.153931628473058_total_energy_consumption,1348.54,2026-03-18T23:01:57.429Z
sensor.153931628473058_total_energy_consumption,1348.55,2026-03-18T23:02:30.664Z
sensor.153931628473058_total_energy_consumption,1348.56,2026-03-18T23:03:03.879Z
sensor.153931628473058_total_energy_consumption,1348.57,2026-03-18T23:03:37.027Z
sensor.153931628473058_total_energy_consumption,1348.58,2026-03-18T23:04:10.224Z
sensor.153931628473058_total_energy_consumption,1348.59,2026-03-18T23:04:43.400Z
sensor.153931628473058_total_energy_consumption,1348.6,2026-03-18T23:05:16.730Z
sensor.153931628473058_total_energy_consumption,1348.62,2026-03-18T23:05:49.927Z
sensor.153931628473058_total_energy_consumption,1348.63,2026-03-18T23:06:23.213Z
sensor.153931628473058_total_energy_consumption,1348.64,2026-03-18T23:06:56.392Z
sensor.153931628473058_total_energy_consumption,1348.65,2026-03-18T23:07:29.669Z
sensor.153931628473058_total_energy_consumption,1348.66,2026-03-18T23:08:02.912Z
sensor.153931628473058_total_energy_consumption,1348.67,2026-03-18T23:08:37.032Z
sensor.153931628473058_total_energy_consumption,1348.68,2026-03-18T23:09:10.321Z
sensor.153931628473058_total_energy_consumption,1348.69,2026-03-18T23:09:43.541Z
sensor.153931628473058_total_energy_consumption,1348.7,2026-03-18T23:10:16.799Z
sensor.153931628473058_total_energy_consumption,1348.71,2026-03-18T23:10:50.106Z
sensor.153931628473058_total_energy_consumption,1348.73,2026-03-18T23:11:23.276Z
sensor.153931628473058_total_energy_consumption,1348.74,2026-03-18T23:11:56.492Z
sensor.153931628473058_total_energy_consumption,1348.75,2026-03-18T23:12:29.734Z
sensor.153931628473058_total_energy_consumption,1348.76,2026-03-18T23:13:02.944Z
sensor.153931628473058_total_energy_consumption,1348.77,2026-03-18T23:13:36.176Z
sensor.153931628473058_total_energy_consumption,1348.78,2026-03-18T23:14:09.370Z
sensor.153931628473058_total_energy_consumption,1348.79,2026-03-18T23:14:42.690Z
sensor.153931628473058_total_energy_consumption,1348.8,2026-03-18T23:15:15.930Z
sensor.153931628473058_total_energy_consumption,1348.81,2026-03-18T23:15:49.211Z
sensor.153931628473058_total_energy_consumption,1348.82,2026-03-18T23:16:22.571Z
sensor.153931628473058_total_energy_consumption,1348.83,2026-03-18T23:16:59.587Z
sensor.153931628473058_total_energy_consumption,1348.84,2026-03-19T02:14:56.142Z
sensor.153931628473058_total_energy_consumption,1348.85,2026-03-19T07:13:34.733Z
sensor.153931628473058_total_energy_consumption,1348.86,2026-03-19T11:16:58.641Z
sensor.153931628473058_total_energy_consumption,1348.87,2026-03-19T14:41:25.106Z
sensor.153931628473058_total_energy_consumption,1348.88,2026-03-19T19:21:25.210Z
sensor.153931628473058_total_energy_consumption,1348.89,2026-03-19T19:22:31.702Z
sensor.153931628473058_total_energy_consumption,1348.9,2026-03-19T19:23:04.888Z
sensor.153931628473058_total_energy_consumption,1348.91,2026-03-19T19:23:38.002Z
sensor.153931628473058_total_energy_consumption,1348.92,2026-03-19T19:24:11.194Z
sensor.153931628473058_total_energy_consumption,1348.93,2026-03-19T19:24:44.405Z
sensor.153931628473058_total_energy_consumption,1348.95,2026-03-19T19:25:17.669Z
sensor.153931628473058_total_energy_consumption,1348.96,2026-03-19T19:25:50.983Z
sensor.153931628473058_total_energy_consumption,1348.98,2026-03-19T19:26:24.239Z
sensor.153931628473058_total_energy_consumption,1348.99,2026-03-19T19:26:57.521Z
sensor.153931628473058_total_energy_consumption,1349.0,2026-03-19T19:27:30.750Z
sensor.153931628473058_total_energy_consumption,1349.02,2026-03-19T19:28:04.064Z
sensor.153931628473058_total_energy_consumption,1349.03,2026-03-19T19:28:37.423Z
sensor.153931628473058_total_energy_consumption,1349.05,2026-03-19T19:29:10.704Z
sensor.153931628473058_total_energy_consumption,1349.06,2026-03-19T19:29:43.855Z
sensor.153931628473058_total_energy_consumption,1349.07,2026-03-19T19:30:17.039Z
sensor.153931628473058_total_energy_consumption,1349.08,2026-03-19T19:30:50.368Z
sensor.153931628473058_total_energy_consumption,1349.1,2026-03-19T19:31:24.735Z
sensor.153931628473058_total_energy_consumption,1349.11,2026-03-19T19:31:58.913Z
sensor.153931628473058_total_energy_consumption,1349.12,2026-03-19T19:32:32.095Z
sensor.153931628473058_total_energy_consumption,1349.13,2026-03-19T19:33:05.420Z
sensor.153931628473058_total_energy_consumption,1349.14,2026-03-19T19:33:38.637Z
sensor.153931628473058_total_energy_consumption,1349.15,2026-03-19T19:34:11.924Z
sensor.153931628473058_total_energy_consumption,1349.16,2026-03-19T19:34:45.178Z
sensor.153931628473058_total_energy_consumption,1349.17,2026-03-19T19:35:18.517Z
sensor.153931628473058_total_energy_consumption,1349.19,2026-03-19T19:35:51.750Z
sensor.153931628473058_total_energy_consumption,1349.2,2026-03-19T19:36:25.171Z
sensor.153931628473058_total_energy_consumption,1349.21,2026-03-19T19:36:58.427Z
sensor.153931628473058_total_energy_consumption,1349.22,2026-03-19T19:37:31.629Z
sensor.153931628473058_total_energy_consumption,1349.23,2026-03-19T19:38:04.849Z
sensor.153931628473058_total_energy_consumption,1349.24,2026-03-19T19:38:38.091Z
sensor.153931628473058_total_energy_consumption,1349.25,2026-03-19T19:39:12.313Z
sensor.153931628473058_total_energy_consumption,1349.27,2026-03-19T19:39:45.487Z
sensor.153931628473058_total_energy_consumption,1349.28,2026-03-19T19:40:18.713Z
sensor.153931628473058_total_energy_consumption,1349.29,2026-03-19T19:40:51.900Z
sensor.153931628473058_total_energy_consumption,1349.3,2026-03-19T19:41:25.181Z
sensor.153931628473058_total_energy_consumption,1349.31,2026-03-19T19:41:58.403Z
sensor.153931628473058_total_energy_consumption,1349.32,2026-03-19T19:42:31.708Z
sensor.153931628473058_total_energy_consumption,1349.33,2026-03-19T19:43:04.911Z
sensor.153931628473058_total_energy_consumption,1349.34,2026-03-19T19:43:38.085Z
sensor.153931628473058_total_energy_consumption,1349.36,2026-03-19T19:44:11.698Z
sensor.153931628473058_total_energy_consumption,1349.37,2026-03-19T19:44:45.151Z
sensor.153931628473058_total_energy_consumption,1349.38,2026-03-19T19:45:18.444Z
sensor.153931628473058_total_energy_consumption,1349.39,2026-03-19T19:45:51.616Z
sensor.153931628473058_total_energy_consumption,1349.4,2026-03-19T19:46:24.877Z
sensor.153931628473058_total_energy_consumption,1349.41,2026-03-19T19:46:58.088Z
sensor.153931628473058_total_energy_consumption,1349.42,2026-03-19T19:47:31.322Z
sensor.153931628473058_total_energy_consumption,1349.44,2026-03-19T19:48:04.523Z
sensor.153931628473058_total_energy_consumption,1349.45,2026-03-19T19:48:37.925Z
sensor.153931628473058_total_energy_consumption,1349.46,2026-03-19T19:49:11.156Z
sensor.153931628473058_total_energy_consumption,1349.47,2026-03-19T19:49:44.935Z
sensor.153931628473058_total_energy_consumption,1349.48,2026-03-19T19:50:18.258Z
sensor.153931628473058_total_energy_consumption,1349.49,2026-03-19T19:50:51.670Z
sensor.153931628473058_total_energy_consumption,1349.5,2026-03-19T19:51:24.918Z
sensor.153931628473058_total_energy_consumption,1349.51,2026-03-19T19:51:58.191Z
sensor.153931628473058_total_energy_consumption,1349.53,2026-03-19T19:52:31.616Z
sensor.153931628473058_total_energy_consumption,1349.54,2026-03-19T19:53:05.000Z
sensor.153931628473058_total_energy_consumption,1349.55,2026-03-19T19:53:38.199Z
sensor.153931628473058_total_energy_consumption,1349.56,2026-03-19T19:54:12.141Z
sensor.153931628473058_total_energy_consumption,1349.57,2026-03-19T19:54:45.411Z
sensor.153931628473058_total_energy_consumption,1349.58,2026-03-19T19:55:18.632Z
sensor.153931628473058_total_energy_consumption,1349.6,2026-03-19T19:55:51.884Z
sensor.153931628473058_total_energy_consumption,1349.61,2026-03-19T19:56:26.208Z
sensor.153931628473058_total_energy_consumption,1349.62,2026-03-19T19:57:00.128Z
sensor.153931628473058_total_energy_consumption,1349.63,2026-03-19T19:57:33.290Z
sensor.153931628473058_total_energy_consumption,1349.64,2026-03-19T19:58:06.496Z
sensor.153931628473058_total_energy_consumption,1349.65,2026-03-19T19:58:39.754Z
sensor.153931628473058_total_energy_consumption,1349.67,2026-03-19T19:59:13.944Z
sensor.153931628473058_total_energy_consumption,1349.68,2026-03-19T19:59:47.251Z
sensor.153931628473058_total_energy_consumption,1349.69,2026-03-19T20:00:20.563Z
sensor.153931628473058_total_energy_consumption,1349.7,2026-03-19T20:00:53.866Z
sensor.153931628473058_total_energy_consumption,1349.71,2026-03-19T20:01:26.974Z
sensor.153931628473058_total_energy_consumption,1349.72,2026-03-19T20:02:00.205Z
sensor.153931628473058_total_energy_consumption,1349.73,2026-03-19T20:02:33.423Z
sensor.153931628473058_total_energy_consumption,1349.74,2026-03-19T20:03:06.590Z
sensor.153931628473058_total_energy_consumption,1349.76,2026-03-19T20:03:39.778Z
sensor.153931628473058_total_energy_consumption,1349.77,2026-03-19T20:04:14.022Z
sensor.153931628473058_total_energy_consumption,1349.78,2026-03-19T20:04:48.181Z
sensor.153931628473058_total_energy_consumption,1349.79,2026-03-19T20:05:21.375Z
sensor.153931628473058_total_energy_consumption,1349.8,2026-03-19T20:05:54.610Z
sensor.153931628473058_total_energy_consumption,1349.81,2026-03-19T20:06:27.936Z
sensor.153931628473058_total_energy_consumption,1349.82,2026-03-19T20:07:01.117Z
sensor.153931628473058_total_energy_consumption,1349.83,2026-03-19T20:07:34.317Z
sensor.153931628473058_total_energy_consumption,1349.85,2026-03-19T20:08:08.152Z
sensor.153931628473058_total_energy_consumption,1349.86,2026-03-19T20:08:41.427Z
sensor.153931628473058_total_energy_consumption,1349.87,2026-03-19T20:09:14.738Z
sensor.153931628473058_total_energy_consumption,1349.88,2026-03-19T20:09:47.849Z
sensor.153931628473058_total_energy_consumption,1349.89,2026-03-19T20:10:21.135Z
sensor.153931628473058_total_energy_consumption,1349.9,2026-03-19T20:10:54.463Z
sensor.153931628473058_total_energy_consumption,1349.91,2026-03-19T20:11:27.572Z
sensor.153931628473058_total_energy_consumption,1349.92,2026-03-19T20:12:00.828Z
sensor.153931628473058_total_energy_consumption,1349.93,2026-03-19T20:12:34.108Z
sensor.153931628473058_total_energy_consumption,1349.94,2026-03-19T20:13:07.466Z
sensor.153931628473058_total_energy_consumption,1349.95,2026-03-19T20:13:40.580Z
sensor.153931628473058_total_energy_consumption,1349.97,2026-03-19T20:14:13.833Z
sensor.153931628473058_total_energy_consumption,1349.98,2026-03-19T20:14:47.192Z
sensor.153931628473058_total_energy_consumption,1349.99,2026-03-19T20:15:20.522Z
sensor.153931628473058_total_energy_consumption,1350.0,2026-03-19T20:15:53.634Z
sensor.153931628473058_total_energy_consumption,1350.01,2026-03-19T20:16:27.036Z
sensor.153931628473058_total_energy_consumption,1350.02,2026-03-19T20:17:00.886Z
sensor.153931628473058_total_energy_consumption,1350.03,2026-03-19T20:17:34.112Z
sensor.153931628473058_total_energy_consumption,1350.04,2026-03-19T20:18:07.378Z
sensor.153931628473058_total_energy_consumption,1350.05,2026-03-19T20:18:40.692Z
sensor.153931628473058_total_energy_consumption,1350.06,2026-03-19T20:19:14.004Z
sensor.153931628473058_total_energy_consumption,1350.07,2026-03-19T20:19:47.190Z
sensor.153931628473058_total_energy_consumption,1350.09,2026-03-19T20:20:20.449Z
sensor.153931628473058_total_energy_consumption,1350.1,2026-03-19T20:20:53.779Z
sensor.153931628473058_total_energy_consumption,1350.11,2026-03-19T20:21:27.019Z
sensor.153931628473058_total_energy_consumption,1350.12,2026-03-19T20:22:00.316Z
sensor.153931628473058_total_energy_consumption,1350.13,2026-03-19T20:22:33.572Z
sensor.153931628473058_total_energy_consumption,1350.14,2026-03-19T20:23:06.925Z
sensor.153931628473058_total_energy_consumption,1350.15,2026-03-19T20:23:40.243Z
sensor.153931628473058_total_energy_consumption,1350.16,2026-03-19T20:24:13.610Z
sensor.153931628473058_total_energy_consumption,1350.17,2026-03-19T20:24:46.904Z
sensor.153931628473058_total_energy_consumption,1350.18,2026-03-19T20:25:20.124Z
sensor.153931628473058_total_energy_consumption,1350.19,2026-03-19T20:25:53.332Z
sensor.153931628473058_total_energy_consumption,1350.21,2026-03-19T20:26:27.614Z
sensor.153931628473058_total_energy_consumption,1350.22,2026-03-19T20:27:00.868Z
sensor.153931628473058_total_energy_consumption,1350.23,2026-03-19T20:27:34.232Z
sensor.153931628473058_total_energy_consumption,1350.24,2026-03-19T20:28:07.439Z
sensor.153931628473058_total_energy_consumption,1350.25,2026-03-19T20:28:40.716Z
sensor.153931628473058_total_energy_consumption,1350.26,2026-03-19T20:48:41.758Z
sensor.153931628473058_total_energy_consumption,1350.27,2026-03-19T22:17:34.948Z
sensor.153931628473058_total_energy_consumption,1350.28,2026-03-19T22:18:08.191Z
sensor.153931628473058_total_energy_consumption,1350.29,2026-03-19T22:18:41.440Z
sensor.153931628473058_total_energy_consumption,1350.3,2026-03-19T22:19:14.686Z
sensor.153931628473058_total_energy_consumption,1350.31,2026-03-19T22:19:47.910Z
sensor.153931628473058_total_energy_consumption,1350.33,2026-03-19T22:20:21.250Z
sensor.153931628473058_total_energy_consumption,1350.34,2026-03-19T22:20:54.436Z
sensor.153931628473058_total_energy_consumption,1350.36,2026-03-19T22:21:27.609Z
sensor.153931628473058_total_energy_consumption,1350.37,2026-03-19T22:22:00.718Z
sensor.153931628473058_total_energy_consumption,1350.39,2026-03-19T22:22:33.908Z
sensor.153931628473058_total_energy_consumption,1350.4,2026-03-19T22:23:07.118Z
sensor.153931628473058_total_energy_consumption,1350.41,2026-03-19T22:23:40.250Z
sensor.153931628473058_total_energy_consumption,1350.42,2026-03-19T22:24:14.040Z
sensor.153931628473058_total_energy_consumption,1350.43,2026-03-19T22:24:47.278Z
sensor.153931628473058_total_energy_consumption,1350.44,2026-03-19T22:25:20.543Z
sensor.153931628473058_total_energy_consumption,1350.45,2026-03-19T22:25:53.708Z
sensor.153931628473058_total_energy_consumption,1350.46,2026-03-19T22:26:27.472Z
sensor.153931628473058_total_energy_consumption,1350.47,2026-03-19T22:27:00.702Z
sensor.153931628473058_total_energy_consumption,1350.48,2026-03-19T22:27:33.903Z
sensor.153931628473058_total_energy_consumption,1350.49,2026-03-19T22:28:07.077Z
sensor.153931628473058_total_energy_consumption,1350.5,2026-03-19T22:28:41.264Z
sensor.153931628473058_total_energy_consumption,1350.51,2026-03-19T22:29:14.620Z
sensor.153931628473058_total_energy_consumption,1350.52,2026-03-19T22:29:47.776Z
sensor.153931628473058_total_energy_consumption,1350.53,2026-03-19T22:30:20.948Z
sensor.153931628473058_total_energy_consumption,1350.55,2026-03-19T22:30:54.848Z
sensor.153931628473058_total_energy_consumption,1350.56,2026-03-19T22:31:28.166Z
sensor.153931628473058_total_energy_consumption,1350.57,2026-03-19T22:32:02.460Z
sensor.153931628473058_total_energy_consumption,1350.58,2026-03-19T22:32:35.796Z
sensor.153931628473058_total_energy_consumption,1350.59,2026-03-19T22:33:08.965Z
sensor.153931628473058_total_energy_consumption,1350.6,2026-03-19T22:33:42.125Z
sensor.153931628473058_total_energy_consumption,1350.61,2026-03-19T22:34:14.324Z
sensor.153931628473058_total_energy_consumption,1350.62,2026-03-19T22:34:47.603Z
sensor.153931628473058_total_energy_consumption,1350.63,2026-03-19T22:35:20.877Z
sensor.153931628473058_total_energy_consumption,1350.64,2026-03-19T22:35:54.143Z
sensor.153931628473058_total_energy_consumption,1350.65,2026-03-19T22:37:00.654Z
sensor.153931628473058_total_energy_consumption,1350.66,2026-03-19T22:37:33.839Z
sensor.153931628473058_total_energy_consumption,1350.67,2026-03-19T22:38:40.275Z
sensor.153931628473058_total_energy_consumption,1350.68,2026-03-19T22:39:13.507Z
sensor.153931628473058_total_energy_consumption,1350.69,2026-03-19T22:40:20.842Z
sensor.153931628473058_total_energy_consumption,1350.7,2026-03-19T22:40:54.165Z
sensor.153931628473058_total_energy_consumption,1350.71,2026-03-19T22:41:27.409Z
sensor.153931628473058_total_energy_consumption,1350.72,2026-03-19T22:42:00.690Z
sensor.153931628473058_total_energy_consumption,1350.73,2026-03-19T22:43:08.189Z
sensor.153931628473058_total_energy_consumption,1350.74,2026-03-19T22:43:41.429Z
sensor.153931628473058_total_energy_consumption,1350.75,2026-03-19T22:44:14.642Z
sensor.153931628473058_total_energy_consumption,1350.76,2026-03-19T22:44:48.015Z
sensor.153931628473058_total_energy_consumption,1350.77,2026-03-19T22:45:21.187Z
sensor.153931628473058_total_energy_consumption,1350.78,2026-03-19T22:46:28.450Z
sensor.153931628473058_total_energy_consumption,1350.79,2026-03-19T22:47:01.753Z
sensor.153931628473058_total_energy_consumption,1350.8,2026-03-19T22:47:34.951Z
sensor.153931628473058_total_energy_consumption,1350.81,2026-03-19T22:48:08.170Z
sensor.153931628473058_total_energy_consumption,1350.82,2026-03-19T22:48:41.358Z
sensor.153931628473058_total_energy_consumption,1350.83,2026-03-19T22:49:14.710Z
sensor.153931628473058_total_energy_consumption,1350.84,2026-03-19T22:50:21.288Z
sensor.153931628473058_total_energy_consumption,1350.85,2026-03-19T22:50:54.464Z
sensor.153931628473058_total_energy_consumption,1350.86,2026-03-19T22:51:27.700Z
sensor.153931628473058_total_energy_consumption,1350.87,2026-03-19T22:52:00.801Z
sensor.153931628473058_total_energy_consumption,1350.88,2026-03-19T22:52:34.069Z
sensor.153931628473058_total_energy_consumption,1350.89,2026-03-19T22:53:40.493Z
sensor.153931628473058_total_energy_consumption,1350.9,2026-03-19T22:54:14.278Z
sensor.153931628473058_total_energy_consumption,1350.91,2026-03-19T22:54:48.120Z
sensor.153931628473058_total_energy_consumption,1350.92,2026-03-19T22:55:21.371Z
sensor.153931628473058_total_energy_consumption,1350.93,2026-03-19T22:55:54.544Z
sensor.153931628473058_total_energy_consumption,1350.94,2026-03-19T22:57:01.158Z
sensor.153931628473058_total_energy_consumption,1350.95,2026-03-19T22:57:34.379Z
sensor.153931628473058_total_energy_consumption,1350.96,2026-03-19T22:58:07.636Z
sensor.153931628473058_total_energy_consumption,1350.97,2026-03-19T22:59:14.168Z
sensor.153931628473058_total_energy_consumption,1350.98,2026-03-19T22:59:47.425Z
sensor.153931628473058_total_energy_consumption,1350.99,2026-03-19T23:00:54.016Z
sensor.153931628473058_total_energy_consumption,1351.0,2026-03-19T23:01:27.229Z
sensor.153931628473058_total_energy_consumption,1351.01,2026-03-19T23:02:33.696Z
sensor.153931628473058_total_energy_consumption,1351.02,2026-03-19T23:03:07.026Z
sensor.153931628473058_total_energy_consumption,1351.03,2026-03-19T23:04:13.485Z
sensor.153931628473058_total_energy_consumption,1351.04,2026-03-19T23:04:47.666Z
sensor.153931628473058_total_energy_consumption,1351.05,2026-03-19T23:05:56.048Z
sensor.153931628473058_total_energy_consumption,1351.06,2026-03-19T23:06:29.312Z
sensor.153931628473058_total_energy_consumption,1351.07,2026-03-19T23:07:35.791Z
sensor.153931628473058_total_energy_consumption,1351.08,2026-03-19T23:08:09.067Z
sensor.153931628473058_total_energy_consumption,1351.09,2026-03-19T23:09:16.222Z
sensor.153931628473058_total_energy_consumption,1351.1,2026-03-19T23:10:22.752Z
sensor.153931628473058_total_energy_consumption,1351.11,2026-03-19T23:10:56.057Z
sensor.153931628473058_total_energy_consumption,1351.12,2026-03-19T23:12:02.444Z
sensor.153931628473058_total_energy_consumption,1351.13,2026-03-19T23:12:35.725Z
sensor.153931628473058_total_energy_consumption,1351.14,2026-03-19T23:13:42.130Z
sensor.153931628473058_total_energy_consumption,1351.15,2026-03-19T23:14:15.503Z
sensor.153931628473058_total_energy_consumption,1351.16,2026-03-19T23:14:49.826Z
sensor.153931628473058_total_energy_consumption,1351.17,2026-03-19T23:15:56.288Z
sensor.153931628473058_total_energy_consumption,1351.18,2026-03-19T23:16:29.642Z
sensor.153931628473058_total_energy_consumption,1351.19,2026-03-19T23:17:36.250Z
sensor.153931628473058_total_energy_consumption,1351.2,2026-03-19T23:18:09.503Z
sensor.153931628473058_total_energy_consumption,1351.21,2026-03-19T23:19:15.997Z
sensor.153931628473058_total_energy_consumption,1351.22,2026-03-19T23:19:49.172Z
sensor.153931628473058_total_energy_consumption,1351.23,2026-03-19T23:20:55.691Z
sensor.153931628473058_total_energy_consumption,1351.24,2026-03-19T23:21:28.998Z
sensor.153931628473058_total_energy_consumption,1351.25,2026-03-19T23:22:35.526Z
sensor.153931628473058_total_energy_consumption,1351.26,2026-03-19T23:23:08.794Z
sensor.153931628473058_total_energy_consumption,1351.27,2026-03-19T23:24:15.235Z
sensor.153931628473058_total_energy_consumption,1351.28,2026-03-19T23:24:49.096Z
sensor.153931628473058_total_energy_consumption,1351.29,2026-03-19T23:25:55.561Z
sensor.153931628473058_total_energy_consumption,1351.3,2026-03-19T23:26:28.766Z
sensor.153931628473058_total_energy_consumption,1351.31,2026-03-19T23:27:35.439Z
sensor.153931628473058_total_energy_consumption,1351.32,2026-03-19T23:28:08.680Z
sensor.153931628473058_total_energy_consumption,1351.33,2026-03-19T23:29:15.865Z
sensor.153931628473058_total_energy_consumption,1351.34,2026-03-19T23:30:22.159Z
sensor.153931628473058_total_energy_consumption,1351.35,2026-03-19T23:30:55.412Z
sensor.153931628473058_total_energy_consumption,1351.36,2026-03-19T23:32:01.849Z
sensor.153931628473058_total_energy_consumption,1351.37,2026-03-19T23:32:35.185Z
sensor.153931628473058_total_energy_consumption,1351.38,2026-03-19T23:33:41.658Z
sensor.153931628473058_total_energy_consumption,1351.39,2026-03-19T23:34:15.191Z
sensor.153931628473058_total_energy_consumption,1351.4,2026-03-19T23:35:21.707Z
sensor.153931628473058_total_energy_consumption,1351.41,2026-03-19T23:35:54.883Z
sensor.153931628473058_total_energy_consumption,1351.42,2026-03-19T23:37:01.341Z
sensor.153931628473058_total_energy_consumption,1351.43,2026-03-19T23:37:34.514Z
sensor.153931628473058_total_energy_consumption,1351.44,2026-03-19T23:38:41.056Z
sensor.153931628473058_total_energy_consumption,1351.45,2026-03-19T23:39:14.286Z
sensor.153931628473058_total_energy_consumption,1351.46,2026-03-19T23:40:20.782Z
sensor.153931628473058_total_energy_consumption,1351.47,2026-03-19T23:40:55.130Z
sensor.153931628473058_total_energy_consumption,1351.48,2026-03-19T23:42:01.656Z
sensor.153931628473058_total_energy_consumption,1351.49,2026-03-19T23:42:36.967Z
sensor.153931628473058_total_energy_consumption,1351.5,2026-03-19T23:43:43.536Z
sensor.153931628473058_total_energy_consumption,1351.51,2026-03-19T23:44:17.798Z
sensor.153931628473058_total_energy_consumption,1351.52,2026-03-19T23:45:24.840Z
sensor.153931628473058_total_energy_consumption,1351.53,2026-03-19T23:45:58.114Z
sensor.153931628473058_total_energy_consumption,1351.54,2026-03-19T23:47:04.673Z
sensor.153931628473058_total_energy_consumption,1351.55,2026-03-19T23:48:10.925Z
sensor.153931628473058_total_energy_consumption,1351.56,2026-03-19T23:48:44.172Z
sensor.153931628473058_total_energy_consumption,1351.57,2026-03-19T23:49:50.572Z
sensor.153931628473058_total_energy_consumption,1351.58,2026-03-19T23:50:23.901Z
sensor.153931628473058_total_energy_consumption,1351.59,2026-03-19T23:51:30.389Z
sensor.153931628473058_total_energy_consumption,1351.6,2026-03-19T23:52:04.635Z
sensor.153931628473058_total_energy_consumption,1351.61,2026-03-19T23:53:11.161Z
sensor.153931628473058_total_energy_consumption,1351.62,2026-03-19T23:53:44.415Z
sensor.153931628473058_total_energy_consumption,1351.63,2026-03-19T23:54:51.039Z
sensor.153931628473058_total_energy_consumption,1351.64,2026-03-19T23:55:24.354Z
sensor.153931628473058_total_energy_consumption,1351.65,2026-03-19T23:56:30.863Z
sensor.153931628473058_total_energy_consumption,1351.66,2026-03-19T23:57:04.204Z
sensor.153931628473058_total_energy_consumption,1351.67,2026-03-19T23:58:11.168Z
sensor.153931628473058_total_energy_consumption,1351.68,2026-03-19T23:58:44.386Z
sensor.153931628473058_total_energy_consumption,1351.69,2026-03-19T23:59:50.953Z
sensor.153931628473058_total_energy_consumption,1351.7,2026-03-20T00:00:24.265Z
sensor.153931628473058_total_energy_consumption,1351.71,2026-03-20T00:01:30.832Z
sensor.153931628473058_total_energy_consumption,1351.72,2026-03-20T00:02:04.076Z
sensor.153931628473058_total_energy_consumption,1351.73,2026-03-20T00:03:11.755Z
sensor.153931628473058_total_energy_consumption,1351.74,2026-03-20T00:04:18.198Z
sensor.153931628473058_total_energy_consumption,1351.75,2026-03-20T00:04:51.477Z
sensor.153931628473058_total_energy_consumption,1351.76,2026-03-20T00:05:24.866Z
sensor.153931628473058_total_energy_consumption,1351.77,2026-03-20T00:06:31.280Z
sensor.153931628473058_total_energy_consumption,1351.78,2026-03-20T00:07:05.205Z
sensor.153931628473058_total_energy_consumption,1351.79,2026-03-20T00:08:12.549Z
sensor.153931628473058_total_energy_consumption,1351.8,2026-03-20T00:09:19.083Z
sensor.153931628473058_total_energy_consumption,1351.81,2026-03-20T00:09:52.307Z
sensor.153931628473058_total_energy_consumption,1351.82,2026-03-20T00:10:58.913Z
sensor.153931628473058_total_energy_consumption,1351.83,2026-03-20T00:11:33.168Z
sensor.153931628473058_total_energy_consumption,1351.84,2026-03-20T00:12:40.585Z
sensor.153931628473058_total_energy_consumption,1351.85,2026-03-20T00:13:47.109Z
sensor.153931628473058_total_energy_consumption,1351.86,2026-03-20T00:14:22.335Z
sensor.153931628473058_total_energy_consumption,1351.87,2026-03-20T00:15:30.095Z
sensor.153931628473058_total_energy_consumption,1351.88,2026-03-20T00:16:03.345Z
sensor.153931628473058_total_energy_consumption,1351.89,2026-03-20T00:17:09.992Z
sensor.153931628473058_total_energy_consumption,1351.9,2026-03-20T00:17:44.146Z
sensor.153931628473058_total_energy_consumption,1351.91,2026-03-20T00:18:50.584Z
sensor.153931628473058_total_energy_consumption,1351.92,2026-03-20T00:19:23.940Z
sensor.153931628473058_total_energy_consumption,1351.93,2026-03-20T00:20:32.119Z
sensor.153931628473058_total_energy_consumption,1351.94,2026-03-20T00:21:06.343Z
sensor.153931628473058_total_energy_consumption,1351.95,2026-03-20T00:22:13.006Z
sensor.153931628473058_total_energy_consumption,1351.96,2026-03-20T00:23:19.578Z
sensor.153931628473058_total_energy_consumption,1351.97,2026-03-20T00:23:52.781Z
sensor.153931628473058_total_energy_consumption,1351.98,2026-03-20T00:24:59.334Z
sensor.153931628473058_total_energy_consumption,1351.99,2026-03-20T00:25:32.609Z
sensor.153931628473058_total_energy_consumption,1352.0,2026-03-20T00:26:39.810Z
sensor.153931628473058_total_energy_consumption,1352.01,2026-03-20T00:27:13.154Z
sensor.153931628473058_total_energy_consumption,1352.02,2026-03-20T00:28:20.864Z
sensor.153931628473058_total_energy_consumption,1352.03,2026-03-20T00:28:54.131Z
sensor.153931628473058_total_energy_consumption,1352.04,2026-03-20T00:30:00.755Z
sensor.153931628473058_total_energy_consumption,1352.05,2026-03-20T00:30:33.895Z
sensor.153931628473058_total_energy_consumption,1352.06,2026-03-20T00:31:41.342Z
sensor.153931628473058_total_energy_consumption,1352.07,2026-03-20T00:32:14.525Z
sensor.153931628473058_total_energy_consumption,1352.08,2026-03-20T00:33:21.101Z
sensor.153931628473058_total_energy_consumption,1352.09,2026-03-20T00:33:54.362Z
sensor.153931628473058_total_energy_consumption,1352.1,2026-03-20T00:35:00.785Z
sensor.153931628473058_total_energy_consumption,1352.11,2026-03-20T00:35:33.966Z
sensor.153931628473058_total_energy_consumption,1352.12,2026-03-20T00:36:40.446Z
sensor.153931628473058_total_energy_consumption,1352.13,2026-03-20T00:37:13.765Z
sensor.153931628473058_total_energy_consumption,1352.14,2026-03-20T00:38:21.406Z
sensor.153931628473058_total_energy_consumption,1352.15,2026-03-20T00:38:57.277Z
sensor.153931628473058_total_energy_consumption,1352.16,2026-03-20T03:35:08.212Z
sensor.153931628473058_total_energy_consumption,1352.17,2026-03-20T08:34:06.978Z
sensor.153931628473058_total_energy_consumption,1352.18,2026-03-20T13:32:32.286Z
sensor.153931628473058_total_energy_consumption,1352.19,2026-03-20T14:14:04.751Z
sensor.153931628473058_total_energy_consumption,1352.2,2026-03-20T14:15:11.194Z
sensor.153931628473058_total_energy_consumption,1352.21,2026-03-20T14:15:44.468Z
sensor.153931628473058_total_energy_consumption,1352.22,2026-03-20T14:16:18.571Z
sensor.153931628473058_total_energy_consumption,1352.24,2026-03-20T14:16:52.464Z
sensor.153931628473058_total_energy_consumption,1352.25,2026-03-20T14:17:25.828Z
sensor.153931628473058_total_energy_consumption,1352.27,2026-03-20T14:17:59.066Z
sensor.153931628473058_total_energy_consumption,1352.28,2026-03-20T14:18:33.312Z
sensor.153931628473058_total_energy_consumption,1352.3,2026-03-20T14:19:06.597Z
sensor.153931628473058_total_energy_consumption,1352.31,2026-03-20T14:19:39.918Z
sensor.153931628473058_total_energy_consumption,1352.32,2026-03-20T14:20:13.120Z
sensor.153931628473058_total_energy_consumption,1352.34,2026-03-20T14:20:46.365Z
sensor.153931628473058_total_energy_consumption,1352.35,2026-03-20T14:21:19.686Z
sensor.153931628473058_total_energy_consumption,1352.36,2026-03-20T14:21:53.966Z
sensor.153931628473058_total_energy_consumption,1352.37,2026-03-20T14:22:27.204Z
sensor.153931628473058_total_energy_consumption,1352.38,2026-03-20T14:23:00.512Z
sensor.153931628473058_total_energy_consumption,1352.39,2026-03-20T14:23:33.759Z
sensor.153931628473058_total_energy_consumption,1352.41,2026-03-20T14:24:07.035Z
sensor.153931628473058_total_energy_consumption,1352.42,2026-03-20T14:24:40.278Z
sensor.153931628473058_total_energy_consumption,1352.43,2026-03-20T14:25:13.562Z
sensor.153931628473058_total_energy_consumption,1352.44,2026-03-20T14:25:46.879Z
sensor.153931628473058_total_energy_consumption,1352.45,2026-03-20T14:26:20.177Z
sensor.153931628473058_total_energy_consumption,1352.46,2026-03-20T14:26:53.442Z
sensor.153931628473058_total_energy_consumption,1352.48,2026-03-20T14:28:00.514Z
sensor.153931628473058_total_energy_consumption,1352.5,2026-03-20T14:28:33.758Z
sensor.153931628473058_total_energy_consumption,1352.51,2026-03-20T14:29:06.973Z
sensor.153931628473058_total_energy_consumption,1352.52,2026-03-20T14:29:40.401Z
sensor.153931628473058_total_energy_consumption,1352.53,2026-03-20T14:30:13.594Z
sensor.153931628473058_total_energy_consumption,1352.54,2026-03-20T14:30:46.816Z
sensor.153931628473058_total_energy_consumption,1352.55,2026-03-20T14:31:20.051Z
sensor.153931628473058_total_energy_consumption,1352.56,2026-03-20T14:31:53.337Z
sensor.153931628473058_total_energy_consumption,1352.57,2026-03-20T14:32:27.509Z
sensor.153931628473058_total_energy_consumption,1352.59,2026-03-20T14:33:00.717Z
sensor.153931628473058_total_energy_consumption,1352.6,2026-03-20T14:33:33.975Z
sensor.153931628473058_total_energy_consumption,1352.61,2026-03-20T14:34:07.383Z
sensor.153931628473058_total_energy_consumption,1352.62,2026-03-20T14:34:40.574Z
sensor.153931628473058_total_energy_consumption,1352.63,2026-03-20T14:35:14.367Z
sensor.153931628473058_total_energy_consumption,1352.64,2026-03-20T14:35:47.723Z
sensor.153931628473058_total_energy_consumption,1352.65,2026-03-20T14:36:20.912Z
sensor.153931628473058_total_energy_consumption,1352.66,2026-03-20T14:36:54.788Z
sensor.153931628473058_total_energy_consumption,1352.67,2026-03-20T14:37:28.087Z
sensor.153931628473058_total_energy_consumption,1352.69,2026-03-20T14:38:01.376Z
sensor.153931628473058_total_energy_consumption,1352.7,2026-03-20T14:38:34.629Z
sensor.153931628473058_total_energy_consumption,1352.71,2026-03-20T14:39:07.926Z
sensor.153931628473058_total_energy_consumption,1352.72,2026-03-20T14:39:41.090Z
sensor.153931628473058_total_energy_consumption,1352.73,2026-03-20T14:40:14.331Z
sensor.153931628473058_total_energy_consumption,1352.74,2026-03-20T14:40:47.460Z
sensor.153931628473058_total_energy_consumption,1352.75,2026-03-20T14:41:20.704Z
sensor.153931628473058_total_energy_consumption,1352.76,2026-03-20T14:41:53.883Z
sensor.153931628473058_total_energy_consumption,1352.77,2026-03-20T14:42:27.010Z
sensor.153931628473058_total_energy_consumption,1352.78,2026-03-20T14:43:00.215Z
sensor.153931628473058_total_energy_consumption,1352.79,2026-03-20T14:43:33.599Z
sensor.153931628473058_total_energy_consumption,1352.81,2026-03-20T14:44:06.769Z
sensor.153931628473058_total_energy_consumption,1352.82,2026-03-20T14:44:40.075Z
sensor.153931628473058_total_energy_consumption,1352.83,2026-03-20T14:45:13.318Z
sensor.153931628473058_total_energy_consumption,1352.84,2026-03-20T14:45:46.577Z
sensor.153931628473058_total_energy_consumption,1352.85,2026-03-20T14:46:19.775Z
sensor.153931628473058_total_energy_consumption,1352.86,2026-03-20T14:46:53.021Z
sensor.153931628473058_total_energy_consumption,1352.87,2026-03-20T14:47:26.329Z
sensor.153931628473058_total_energy_consumption,1352.88,2026-03-20T14:47:59.649Z
sensor.153931628473058_total_energy_consumption,1352.89,2026-03-20T14:48:33.001Z
sensor.153931628473058_total_energy_consumption,1352.9,2026-03-20T14:49:06.336Z
sensor.153931628473058_total_energy_consumption,1352.91,2026-03-20T14:49:40.162Z
sensor.153931628473058_total_energy_consumption,1352.93,2026-03-20T14:50:13.473Z
sensor.153931628473058_total_energy_consumption,1352.94,2026-03-20T14:50:46.608Z
sensor.153931628473058_total_energy_consumption,1352.95,2026-03-20T14:51:19.922Z
sensor.153931628473058_total_energy_consumption,1352.96,2026-03-20T14:51:53.131Z
sensor.153931628473058_total_energy_consumption,1352.97,2026-03-20T14:52:26.469Z
sensor.153931628473058_total_energy_consumption,1352.98,2026-03-20T14:53:00.728Z
sensor.153931628473058_total_energy_consumption,1352.99,2026-03-20T14:53:34.003Z
sensor.153931628473058_total_energy_consumption,1353.0,2026-03-20T14:54:07.179Z
sensor.153931628473058_total_energy_consumption,1353.01,2026-03-20T14:54:40.355Z
sensor.153931628473058_total_energy_consumption,1353.02,2026-03-20T14:55:13.638Z
sensor.153931628473058_total_energy_consumption,1353.03,2026-03-20T14:55:46.907Z
sensor.153931628473058_total_energy_consumption,1353.04,2026-03-20T14:56:20.100Z
sensor.153931628473058_total_energy_consumption,1353.05,2026-03-20T14:56:53.342Z
sensor.153931628473058_total_energy_consumption,1353.06,2026-03-20T14:58:00.863Z
sensor.153931628473058_total_energy_consumption,1353.07,2026-03-20T14:58:34.063Z
sensor.153931628473058_total_energy_consumption,1353.08,2026-03-20T14:59:40.665Z
sensor.153931628473058_total_energy_consumption,1353.09,2026-03-20T15:00:14.472Z
sensor.153931628473058_total_energy_consumption,1353.1,2026-03-20T15:01:20.863Z
sensor.153931628473058_total_energy_consumption,1353.11,2026-03-20T15:01:54.105Z
sensor.153931628473058_total_energy_consumption,1353.12,2026-03-20T15:03:00.578Z
sensor.153931628473058_total_energy_consumption,1353.13,2026-03-20T15:03:33.846Z
sensor.153931628473058_total_energy_consumption,1353.14,2026-03-20T15:04:07.060Z
sensor.153931628473058_total_energy_consumption,1353.15,2026-03-20T15:05:13.421Z
sensor.153931628473058_total_energy_consumption,1353.16,2026-03-20T15:05:46.770Z
sensor.153931628473058_total_energy_consumption,1353.17,2026-03-20T15:06:20.015Z
sensor.153931628473058_total_energy_consumption,1353.18,2026-03-20T15:06:53.292Z
sensor.153931628473058_total_energy_consumption,1353.19,2026-03-20T15:07:59.850Z
sensor.153931628473058_total_energy_consumption,1353.2,2026-03-20T15:08:34.039Z
sensor.153931628473058_total_energy_consumption,1353.21,2026-03-20T15:09:07.324Z
sensor.153931628473058_total_energy_consumption,1353.22,2026-03-20T15:09:40.566Z
sensor.153931628473058_total_energy_consumption,1353.23,2026-03-20T15:10:13.808Z
sensor.153931628473058_total_energy_consumption,1353.24,2026-03-20T15:10:46.996Z
sensor.153931628473058_total_energy_consumption,1353.25,2026-03-20T15:11:53.581Z
sensor.153931628473058_total_energy_consumption,1353.26,2026-03-20T15:12:26.743Z
sensor.153931628473058_total_energy_consumption,1353.27,2026-03-20T15:13:00.069Z
sensor.153931628473058_total_energy_consumption,1353.28,2026-03-20T15:13:33.347Z
sensor.153931628473058_total_energy_consumption,1353.29,2026-03-20T15:14:06.591Z
sensor.153931628473058_total_energy_consumption,1353.3,2026-03-20T15:15:12.963Z
sensor.153931628473058_total_energy_consumption,1353.31,2026-03-20T15:15:46.170Z
sensor.153931628473058_total_energy_consumption,1353.32,2026-03-20T15:16:19.498Z
sensor.153931628473058_total_energy_consumption,1353.33,2026-03-20T15:16:52.761Z
sensor.153931628473058_total_energy_consumption,1353.34,2026-03-20T15:17:26.094Z
sensor.153931628473058_total_energy_consumption,1353.35,2026-03-20T15:17:59.262Z
sensor.153931628473058_total_energy_consumption,1353.36,2026-03-20T15:18:32.443Z
sensor.153931628473058_total_energy_consumption,1353.37,2026-03-20T15:19:05.715Z
sensor.153931628473058_total_energy_consumption,1353.38,2026-03-20T15:19:39.880Z
sensor.153931628473058_total_energy_consumption,1353.39,2026-03-20T15:20:13.125Z
sensor.153931628473058_total_energy_consumption,1353.4,2026-03-20T15:20:46.326Z
sensor.153931628473058_total_energy_consumption,1353.41,2026-03-20T15:21:53.759Z
sensor.153931628473058_total_energy_consumption,1353.42,2026-03-20T15:22:27.013Z
sensor.153931628473058_total_energy_consumption,1353.43,2026-03-20T15:23:00.345Z
sensor.153931628473058_total_energy_consumption,1353.44,2026-03-20T15:23:33.680Z
sensor.153931628473058_total_energy_consumption,1353.45,2026-03-20T15:24:06.847Z
sensor.153931628473058_total_energy_consumption,1353.46,2026-03-20T15:24:40.023Z
sensor.153931628473058_total_energy_consumption,1353.47,2026-03-20T15:25:46.793Z
sensor.153931628473058_total_energy_consumption,1353.48,2026-03-20T15:26:20.145Z
sensor.153931628473058_total_energy_consumption,1353.49,2026-03-20T15:26:53.460Z
sensor.153931628473058_total_energy_consumption,1353.5,2026-03-20T15:27:26.753Z
sensor.153931628473058_total_energy_consumption,1353.51,2026-03-20T15:28:00.115Z
sensor.153931628473058_total_energy_consumption,1353.52,2026-03-20T15:29:06.599Z
sensor.153931628473058_total_energy_consumption,1353.53,2026-03-20T15:29:40.440Z
sensor.153931628473058_total_energy_consumption,1353.54,2026-03-20T15:30:13.774Z
sensor.153931628473058_total_energy_consumption,1353.55,2026-03-20T15:30:46.896Z
sensor.153931628473058_total_energy_consumption,1353.56,2026-03-20T15:31:20.224Z
sensor.153931628473058_total_energy_consumption,1353.57,2026-03-20T15:31:53.620Z
sensor.153931628473058_total_energy_consumption,1353.58,2026-03-20T15:33:00.066Z
sensor.153931628473058_total_energy_consumption,1353.59,2026-03-20T15:33:33.228Z
sensor.153931628473058_total_energy_consumption,1353.6,2026-03-20T15:34:06.604Z
sensor.153931628473058_total_energy_consumption,1353.61,2026-03-20T15:34:40.632Z
sensor.153931628473058_total_energy_consumption,1353.62,2026-03-20T15:35:13.888Z
sensor.153931628473058_total_energy_consumption,1353.63,2026-03-20T15:36:20.501Z
sensor.153931628473058_total_energy_consumption,1353.64,2026-03-20T15:36:53.739Z
sensor.153931628473058_total_energy_consumption,1353.65,2026-03-20T15:37:27.916Z
sensor.153931628473058_total_energy_consumption,1353.66,2026-03-20T15:38:01.089Z
sensor.153931628473058_total_energy_consumption,1353.67,2026-03-20T15:38:34.213Z
sensor.153931628473058_total_energy_consumption,1353.68,2026-03-20T15:39:07.451Z
sensor.153931628473058_total_energy_consumption,1353.69,2026-03-20T15:40:13.912Z
sensor.153931628473058_total_energy_consumption,1353.7,2026-03-20T15:40:47.137Z
sensor.153931628473058_total_energy_consumption,1353.71,2026-03-20T15:41:21.006Z
sensor.153931628473058_total_energy_consumption,1353.72,2026-03-20T15:41:55.237Z
sensor.153931628473058_total_energy_consumption,1353.73,2026-03-20T15:42:28.456Z
sensor.153931628473058_total_energy_consumption,1353.74,2026-03-20T15:43:01.816Z
sensor.153931628473058_total_energy_consumption,1353.75,2026-03-20T15:43:36.349Z
sensor.153931628473058_total_energy_consumption,1353.76,2026-03-20T15:44:09.663Z
sensor.153931628473058_total_energy_consumption,1353.77,2026-03-20T15:44:43.637Z
sensor.153931628473058_total_energy_consumption,1353.78,2026-03-20T15:45:16.804Z
sensor.153931628473058_total_energy_consumption,1353.79,2026-03-20T15:45:50.175Z
sensor.153931628473058_total_energy_consumption,1353.8,2026-03-20T15:46:23.296Z
sensor.153931628473058_total_energy_consumption,1353.81,2026-03-20T15:47:29.756Z
sensor.153931628473058_total_energy_consumption,1353.82,2026-03-20T15:48:02.960Z
sensor.153931628473058_total_energy_consumption,1353.83,2026-03-20T15:48:36.085Z
sensor.153931628473058_total_energy_consumption,1353.84,2026-03-20T15:49:09.320Z
sensor.153931628473058_total_energy_consumption,1353.85,2026-03-20T15:49:42.682Z
sensor.153931628473058_total_energy_consumption,1353.86,2026-03-20T15:50:49.732Z
sensor.153931628473058_total_energy_consumption,1353.87,2026-03-20T15:51:23.020Z
sensor.153931628473058_total_energy_consumption,1353.88,2026-03-20T15:51:56.284Z
sensor.153931628473058_total_energy_consumption,1353.89,2026-03-20T15:52:30.228Z
sensor.153931628473058_total_energy_consumption,1353.9,2026-03-20T15:53:03.432Z
sensor.153931628473058_total_energy_consumption,1353.91,2026-03-20T15:53:36.695Z
sensor.153931628473058_total_energy_consumption,1353.92,2026-03-20T15:54:43.310Z
sensor.153931628473058_total_energy_consumption,1353.93,2026-03-20T15:55:16.476Z
sensor.153931628473058_total_energy_consumption,1353.94,2026-03-20T15:55:49.810Z
sensor.153931628473058_total_energy_consumption,1353.95,2026-03-20T15:56:24.088Z
sensor.153931628473058_total_energy_consumption,1353.96,2026-03-20T15:56:57.436Z
sensor.153931628473058_total_energy_consumption,1353.97,2026-03-20T15:57:31.773Z
sensor.153931628473058_total_energy_consumption,1353.98,2026-03-20T15:58:38.074Z
sensor.153931628473058_total_energy_consumption,1353.99,2026-03-20T15:59:11.330Z
sensor.153931628473058_total_energy_consumption,1354.0,2026-03-20T15:59:44.615Z
sensor.153931628473058_total_energy_consumption,1354.01,2026-03-20T16:00:17.899Z
sensor.153931628473058_total_energy_consumption,1354.02,2026-03-20T16:00:51.209Z
sensor.153931628473058_total_energy_consumption,1354.03,2026-03-20T16:01:57.833Z
sensor.153931628473058_total_energy_consumption,1354.04,2026-03-20T16:02:31.019Z
sensor.153931628473058_total_energy_consumption,1354.05,2026-03-20T16:03:04.360Z
sensor.153931628473058_total_energy_consumption,1354.06,2026-03-20T16:03:37.619Z
sensor.153931628473058_total_energy_consumption,1354.07,2026-03-20T16:04:10.913Z
sensor.153931628473058_total_energy_consumption,1354.08,2026-03-20T16:05:17.360Z
sensor.153931628473058_total_energy_consumption,1354.09,2026-03-20T16:05:50.664Z
sensor.153931628473058_total_energy_consumption,1354.1,2026-03-20T16:06:24.761Z
sensor.153931628473058_total_energy_consumption,1354.11,2026-03-20T16:06:58.034Z
sensor.153931628473058_total_energy_consumption,1354.12,2026-03-20T16:07:31.305Z
sensor.153931628473058_total_energy_consumption,1354.13,2026-03-20T16:08:04.480Z
sensor.153931628473058_total_energy_consumption,1354.14,2026-03-20T16:09:11.928Z
sensor.153931628473058_total_energy_consumption,1354.15,2026-03-20T16:09:45.294Z
sensor.153931628473058_total_energy_consumption,1354.16,2026-03-20T16:10:18.480Z
sensor.153931628473058_total_energy_consumption,1354.17,2026-03-20T16:10:51.648Z
sensor.153931628473058_total_energy_consumption,1354.18,2026-03-20T16:11:24.888Z
sensor.153931628473058_total_energy_consumption,1354.19,2026-03-20T16:12:32.339Z
sensor.153931628473058_total_energy_consumption,1354.2,2026-03-20T16:13:05.582Z
sensor.153931628473058_total_energy_consumption,1354.21,2026-03-20T16:13:38.755Z
sensor.153931628473058_total_energy_consumption,1354.22,2026-03-20T16:14:12.086Z
sensor.153931628473058_total_energy_consumption,1354.23,2026-03-20T16:14:45.431Z
sensor.153931628473058_total_energy_consumption,1354.24,2026-03-20T16:15:52.036Z
sensor.153931628473058_total_energy_consumption,1354.25,2026-03-20T16:16:25.205Z
sensor.153931628473058_total_energy_consumption,1354.26,2026-03-20T16:16:58.437Z
sensor.153931628473058_total_energy_consumption,1354.27,2026-03-20T16:17:31.593Z
sensor.153931628473058_total_energy_consumption,1354.28,2026-03-20T16:18:04.760Z
sensor.153931628473058_total_energy_consumption,1354.29,2026-03-20T16:18:38.067Z
sensor.153931628473058_total_energy_consumption,1354.3,2026-03-20T16:19:11.372Z
sensor.153931628473058_total_energy_consumption,1354.31,2026-03-20T16:19:44.607Z
sensor.153931628473058_total_energy_consumption,1354.32,2026-03-20T16:20:17.950Z
sensor.153931628473058_total_energy_consumption,1354.33,2026-03-20T16:20:51.066Z
sensor.153931628473058_total_energy_consumption,1354.34,2026-03-20T16:21:24.275Z
sensor.153931628473058_total_energy_consumption,1354.35,2026-03-20T16:22:30.697Z
sensor.153931628473058_total_energy_consumption,1354.36,2026-03-20T16:23:03.898Z
sensor.153931628473058_total_energy_consumption,1354.37,2026-03-20T16:23:37.088Z
sensor.153931628473058_total_energy_consumption,1354.38,2026-03-20T16:24:11.016Z
sensor.153931628473058_total_energy_consumption,1354.39,2026-03-20T16:24:44.242Z
sensor.153931628473058_total_energy_consumption,1354.4,2026-03-20T16:25:50.774Z
sensor.153931628473058_total_energy_consumption,1354.41,2026-03-20T16:26:24.070Z
sensor.153931628473058_total_energy_consumption,1354.42,2026-03-20T16:26:57.254Z
sensor.153931628473058_total_energy_consumption,1354.43,2026-03-20T16:27:30.503Z
sensor.153931628473058_total_energy_consumption,1354.44,2026-03-20T16:28:03.848Z
sensor.153931628473058_total_energy_consumption,1354.45,2026-03-20T16:29:10.953Z
sensor.153931628473058_total_energy_consumption,1354.46,2026-03-20T16:29:44.773Z
sensor.153931628473058_total_energy_consumption,1354.47,2026-03-20T16:30:18.051Z
sensor.153931628473058_total_energy_consumption,1354.48,2026-03-20T16:30:51.198Z
sensor.153931628473058_total_energy_consumption,1354.49,2026-03-20T16:31:24.392Z
sensor.153931628473058_total_energy_consumption,1354.5,2026-03-20T16:31:57.674Z
sensor.153931628473058_total_energy_consumption,1354.51,2026-03-20T16:33:04.303Z
sensor.153931628473058_total_energy_consumption,1354.52,2026-03-20T16:33:37.681Z
sensor.153931628473058_total_energy_consumption,1354.53,2026-03-20T16:34:10.881Z
sensor.153931628473058_total_energy_consumption,1354.54,2026-03-20T16:34:44.169Z
sensor.153931628473058_total_energy_consumption,1354.55,2026-03-20T16:35:17.360Z
sensor.153931628473058_total_energy_consumption,1354.56,2026-03-20T16:36:23.764Z
sensor.153931628473058_total_energy_consumption,1354.57,2026-03-20T16:36:57.663Z
sensor.153931628473058_total_energy_consumption,1354.58,2026-03-20T16:37:30.917Z
sensor.153931628473058_total_energy_consumption,1354.59,2026-03-20T16:38:04.683Z
sensor.153931628473058_total_energy_consumption,1354.6,2026-03-20T16:38:37.813Z
sensor.153931628473058_total_energy_consumption,1354.61,2026-03-20T16:39:44.473Z
sensor.153931628473058_total_energy_consumption,1354.62,2026-03-20T16:40:18.389Z
sensor.153931628473058_total_energy_consumption,1354.63,2026-03-20T16:40:51.623Z
sensor.153931628473058_total_energy_consumption,1354.64,2026-03-20T16:41:24.843Z
sensor.153931628473058_total_energy_consumption,1354.65,2026-03-20T16:41:58.152Z
sensor.153931628473058_total_energy_consumption,1354.66,2026-03-20T16:43:04.637Z
sensor.153931628473058_total_energy_consumption,1354.67,2026-03-20T16:43:37.949Z
sensor.153931628473058_total_energy_consumption,1354.68,2026-03-20T16:44:11.199Z
sensor.153931628473058_total_energy_consumption,1354.69,2026-03-20T16:44:44.317Z
sensor.153931628473058_total_energy_consumption,1354.7,2026-03-20T16:45:17.647Z
sensor.153931628473058_total_energy_consumption,1354.71,2026-03-20T16:46:24.034Z
sensor.153931628473058_total_energy_consumption,1354.72,2026-03-20T16:46:57.289Z
sensor.153931628473058_total_energy_consumption,1354.73,2026-03-20T16:47:30.676Z
sensor.153931628473058_total_energy_consumption,1354.74,2026-03-20T16:48:03.890Z
sensor.153931628473058_total_energy_consumption,1354.75,2026-03-20T16:48:37.208Z
sensor.153931628473058_total_energy_consumption,1354.76,2026-03-20T16:49:43.751Z
sensor.153931628473058_total_energy_consumption,1354.77,2026-03-20T16:50:16.995Z
sensor.153931628473058_total_energy_consumption,1354.78,2026-03-20T16:50:50.220Z
sensor.153931628473058_total_energy_consumption,1354.79,2026-03-20T16:51:23.511Z
sensor.153931628473058_total_energy_consumption,1354.8,2026-03-20T16:51:56.726Z
sensor.153931628473058_total_energy_consumption,1354.81,2026-03-20T16:53:03.240Z
sensor.153931628473058_total_energy_consumption,1354.82,2026-03-20T16:53:36.474Z
sensor.153931628473058_total_energy_consumption,1354.83,2026-03-20T16:54:09.712Z
sensor.153931628473058_total_energy_consumption,1354.84,2026-03-20T16:54:43.041Z
sensor.153931628473058_total_energy_consumption,1354.85,2026-03-20T16:55:16.393Z
sensor.153931628473058_total_energy_consumption,1354.86,2026-03-20T16:55:49.702Z
sensor.153931628473058_total_energy_consumption,1354.87,2026-03-20T16:56:22.994Z
sensor.153931628473058_total_energy_consumption,1354.88,2026-03-20T16:57:29.458Z
sensor.153931628473058_total_energy_consumption,1354.89,2026-03-20T16:58:02.643Z
sensor.153931628473058_total_energy_consumption,1354.9,2026-03-20T16:58:36.820Z
sensor.153931628473058_total_energy_consumption,1354.91,2026-03-20T16:59:10.144Z
sensor.153931628473058_total_energy_consumption,1354.92,2026-03-20T16:59:43.374Z
sensor.153931628473058_total_energy_consumption,1354.93,2026-03-20T17:00:49.802Z
sensor.153931628473058_total_energy_consumption,1354.94,2026-03-20T17:01:23.179Z
sensor.153931628473058_total_energy_consumption,1354.95,2026-03-20T17:01:57.367Z
sensor.153931628473058_total_energy_consumption,1354.96,2026-03-20T17:02:30.598Z
sensor.153931628473058_total_energy_consumption,1354.97,2026-03-20T17:03:03.981Z
sensor.153931628473058_total_energy_consumption,1354.98,2026-03-20T17:03:37.242Z
sensor.153931628473058_total_energy_consumption,1354.99,2026-03-20T17:04:43.881Z
sensor.153931628473058_total_energy_consumption,1355.0,2026-03-20T17:05:17.254Z
sensor.153931628473058_total_energy_consumption,1355.01,2026-03-20T17:05:50.502Z
sensor.153931628473058_total_energy_consumption,1355.02,2026-03-20T17:06:23.609Z
sensor.153931628473058_total_energy_consumption,1355.03,2026-03-20T17:06:58.832Z
sensor.153931628473058_total_energy_consumption,1355.04,2026-03-20T17:08:05.256Z
sensor.153931628473058_total_energy_consumption,1355.05,2026-03-20T17:08:38.533Z
sensor.153931628473058_total_energy_consumption,1355.06,2026-03-20T17:09:11.849Z
sensor.153931628473058_total_energy_consumption,1355.07,2026-03-20T17:09:45.098Z
sensor.153931628473058_total_energy_consumption,1355.08,2026-03-20T17:10:18.408Z
sensor.153931628473058_total_energy_consumption,1355.09,2026-03-20T17:10:52.120Z
sensor.153931628473058_total_energy_consumption,1355.1,2026-03-20T17:11:58.601Z
sensor.153931628473058_total_energy_consumption,1355.11,2026-03-20T17:12:31.811Z
sensor.153931628473058_total_energy_consumption,1355.12,2026-03-20T17:13:05.076Z
sensor.153931628473058_total_energy_consumption,1355.13,2026-03-20T17:13:38.358Z
sensor.153931628473058_total_energy_consumption,1355.14,2026-03-20T17:14:11.672Z
sensor.153931628473058_total_energy_consumption,1355.15,2026-03-20T17:15:19.216Z
sensor.153931628473058_total_energy_consumption,1355.16,2026-03-20T17:15:53.488Z
sensor.153931628473058_total_energy_consumption,1355.17,2026-03-20T17:16:26.732Z
sensor.153931628473058_total_energy_consumption,1355.18,2026-03-20T17:16:59.954Z
sensor.153931628473058_total_energy_consumption,1355.19,2026-03-20T17:17:34.130Z
sensor.153931628473058_total_energy_consumption,1355.2,2026-03-20T17:18:07.467Z
sensor.153931628473058_total_energy_consumption,1355.21,2026-03-20T17:19:13.964Z
sensor.153931628473058_total_energy_consumption,1355.22,2026-03-20T17:19:47.245Z
sensor.153931628473058_total_energy_consumption,1355.23,2026-03-20T17:20:20.534Z
sensor.153931628473058_total_energy_consumption,1355.24,2026-03-20T17:20:53.784Z
sensor.153931628473058_total_energy_consumption,1355.25,2026-03-20T17:21:28.055Z
sensor.153931628473058_total_energy_consumption,1355.26,2026-03-20T17:22:34.511Z
sensor.153931628473058_total_energy_consumption,1355.27,2026-03-20T17:23:07.690Z
sensor.153931628473058_total_energy_consumption,1355.28,2026-03-20T17:23:40.875Z
sensor.153931628473058_total_energy_consumption,1355.29,2026-03-20T17:24:14.091Z
sensor.153931628473058_total_energy_consumption,1355.3,2026-03-20T17:24:47.267Z
sensor.153931628473058_total_energy_consumption,1355.31,2026-03-20T17:25:53.637Z
sensor.153931628473058_total_energy_consumption,1355.32,2026-03-20T17:26:26.889Z
sensor.153931628473058_total_energy_consumption,1355.33,2026-03-20T17:27:00.057Z
sensor.153931628473058_total_energy_consumption,1355.34,2026-03-20T17:27:33.370Z
sensor.153931628473058_total_energy_consumption,1355.35,2026-03-20T17:28:06.764Z
sensor.153931628473058_total_energy_consumption,1355.36,2026-03-20T17:29:13.322Z
sensor.153931628473058_total_energy_consumption,1355.37,2026-03-20T17:29:46.560Z
sensor.153931628473058_total_energy_consumption,1355.38,2026-03-20T17:30:19.746Z
sensor.153931628473058_total_energy_consumption,1355.39,2026-03-20T17:30:52.924Z
sensor.153931628473058_total_energy_consumption,1355.4,2026-03-20T17:31:26.255Z
sensor.153931628473058_total_energy_consumption,1355.41,2026-03-20T17:32:32.770Z
sensor.153931628473058_total_energy_consumption,1355.42,2026-03-20T17:33:06.941Z
sensor.153931628473058_total_energy_consumption,1355.43,2026-03-20T17:33:40.267Z
sensor.153931628473058_total_energy_consumption,1355.44,2026-03-20T17:34:13.580Z
sensor.153931628473058_total_energy_consumption,1355.45,2026-03-20T17:34:46.761Z
sensor.153931628473058_total_energy_consumption,1355.46,2026-03-20T17:35:53.386Z
sensor.153931628473058_total_energy_consumption,1355.47,2026-03-20T17:36:26.563Z
sensor.153931628473058_total_energy_consumption,1355.48,2026-03-20T17:36:59.872Z
sensor.153931628473058_total_energy_consumption,1355.49,2026-03-20T17:37:33.088Z
sensor.153931628473058_total_energy_consumption,1355.5,2026-03-20T17:38:06.341Z
sensor.153931628473058_total_energy_consumption,1355.51,2026-03-20T17:39:13.190Z
sensor.153931628473058_total_energy_consumption,1355.52,2026-03-20T17:39:46.455Z
sensor.153931628473058_total_energy_consumption,1355.53,2026-03-20T17:40:19.836Z
sensor.153931628473058_total_energy_consumption,1355.54,2026-03-20T17:40:52.961Z
sensor.153931628473058_total_energy_consumption,1355.55,2026-03-20T17:41:26.152Z
sensor.153931628473058_total_energy_consumption,1355.56,2026-03-20T17:42:32.611Z
sensor.153931628473058_total_energy_consumption,1355.57,2026-03-20T17:43:05.865Z
sensor.153931628473058_total_energy_consumption,1355.58,2026-03-20T17:43:39.069Z
sensor.153931628473058_total_energy_consumption,1355.59,2026-03-20T17:44:12.267Z
sensor.153931628473058_total_energy_consumption,1355.6,2026-03-20T17:44:45.510Z
sensor.153931628473058_total_energy_consumption,1355.61,2026-03-20T17:45:18.814Z
sensor.153931628473058_total_energy_consumption,1355.62,2026-03-20T17:46:25.489Z
sensor.153931628473058_total_energy_consumption,1355.63,2026-03-20T17:46:58.678Z
sensor.153931628473058_total_energy_consumption,1355.64,2026-03-20T17:47:32.034Z
sensor.153931628473058_total_energy_consumption,1355.65,2026-03-20T17:48:05.291Z
sensor.153931628473058_total_energy_consumption,1355.66,2026-03-20T17:48:38.539Z
sensor.153931628473058_total_energy_consumption,1355.67,2026-03-20T17:49:45.256Z
sensor.153931628473058_total_energy_consumption,1355.68,2026-03-20T17:50:18.575Z
sensor.153931628473058_total_energy_consumption,1355.69,2026-03-20T17:50:51.862Z
sensor.153931628473058_total_energy_consumption,1355.7,2026-03-20T17:51:25.047Z
sensor.153931628473058_total_energy_consumption,1355.71,2026-03-20T17:51:59.288Z
sensor.153931628473058_total_energy_consumption,1355.72,2026-03-20T17:53:05.729Z
sensor.153931628473058_total_energy_consumption,1355.73,2026-03-20T17:53:39.013Z
sensor.153931628473058_total_energy_consumption,1355.74,2026-03-20T17:54:12.368Z
sensor.153931628473058_total_energy_consumption,1355.75,2026-03-20T17:54:45.588Z
sensor.153931628473058_total_energy_consumption,1355.76,2026-03-20T17:55:18.858Z
sensor.153931628473058_total_energy_consumption,1355.77,2026-03-20T17:56:26.264Z
sensor.153931628473058_total_energy_consumption,1355.78,2026-03-20T17:57:00.416Z
sensor.153931628473058_total_energy_consumption,1355.79,2026-03-20T17:57:33.647Z
sensor.153931628473058_total_energy_consumption,1355.8,2026-03-20T17:58:06.957Z
sensor.153931628473058_total_energy_consumption,1355.81,2026-03-20T17:58:41.165Z
sensor.153931628473058_total_energy_consumption,1355.82,2026-03-20T17:59:47.810Z
sensor.153931628473058_total_energy_consumption,1355.83,2026-03-20T18:00:21.186Z
sensor.153931628473058_total_energy_consumption,1355.84,2026-03-20T18:00:54.319Z
sensor.153931628473058_total_energy_consumption,1355.85,2026-03-20T18:01:27.507Z
sensor.153931628473058_total_energy_consumption,1355.86,2026-03-20T18:02:00.778Z
sensor.153931628473058_total_energy_consumption,1355.87,2026-03-20T18:03:07.398Z
sensor.153931628473058_total_energy_consumption,1355.88,2026-03-20T18:03:39.714Z
sensor.153931628473058_total_energy_consumption,1355.89,2026-03-20T19:29:15.668Z
sensor.153931628473058_total_energy_consumption,1355.9,2026-03-21T00:02:00.545Z
sensor.153931628473058_total_energy_consumption,1355.91,2026-03-21T03:21:53.509Z
sensor.153931628473058_total_energy_consumption,unavailable,2026-03-21T03:26:29.911Z
sensor.153931628473058_total_energy_consumption,1355.91,2026-03-21T03:26:34.460Z
sensor.153931628473058_total_energy_consumption,1355.92,2026-03-21T06:04:29.957Z
sensor.153931628473058_total_energy_consumption,1355.93,2026-03-21T08:34:33.574Z
sensor.153931628473058_total_energy_consumption,1355.94,2026-03-21T11:05:33.954Z
sensor.153931628473058_total_energy_consumption,1355.95,2026-03-21T13:35:31.561Z
sensor.153931628473058_total_energy_consumption,1355.96,2026-03-21T16:41:34.484Z
sensor.153931628473058_total_energy_consumption,1355.97,2026-03-21T19:52:18.661Z
sensor.153931628473058_total_energy_consumption,1355.98,2026-03-21T21:41:44.268Z
sensor.153931628473058_total_energy_consumption,1355.99,2026-03-21T21:42:50.871Z
sensor.153931628473058_total_energy_consumption,1356.0,2026-03-21T21:43:28.356Z
sensor.153931628473058_total_energy_consumption,1356.01,2026-03-21T21:43:58.729Z
sensor.153931628473058_total_energy_consumption,1356.02,2026-03-21T21:44:31.902Z
sensor.153931628473058_total_energy_consumption,1356.04,2026-03-21T21:45:06.111Z
sensor.153931628473058_total_energy_consumption,1356.05,2026-03-21T21:45:39.278Z
sensor.153931628473058_total_energy_consumption,1356.07,2026-03-21T21:46:12.539Z
sensor.153931628473058_total_energy_consumption,1356.08,2026-03-21T21:46:45.876Z
sensor.153931628473058_total_energy_consumption,1356.09,2026-03-21T21:47:19.166Z
sensor.153931628473058_total_energy_consumption,1356.11,2026-03-21T21:47:52.376Z
sensor.153931628473058_total_energy_consumption,1356.12,2026-03-21T21:48:25.603Z
sensor.153931628473058_total_energy_consumption,1356.14,2026-03-21T21:48:58.769Z
sensor.153931628473058_total_energy_consumption,1356.15,2026-03-21T21:49:31.976Z
sensor.153931628473058_total_energy_consumption,1356.17,2026-03-21T21:50:05.295Z
sensor.153931628473058_total_energy_consumption,1356.18,2026-03-21T21:50:38.583Z
sensor.153931628473058_total_energy_consumption,1356.2,2026-03-21T21:51:11.838Z
sensor.153931628473058_total_energy_consumption,1356.21,2026-03-21T21:51:45.027Z
sensor.153931628473058_total_energy_consumption,1356.22,2026-03-21T21:52:19.282Z
sensor.153931628473058_total_energy_consumption,1356.24,2026-03-21T21:52:52.476Z
sensor.153931628473058_total_energy_consumption,1356.25,2026-03-21T21:53:25.669Z
sensor.153931628473058_total_energy_consumption,1356.27,2026-03-21T21:53:58.963Z
sensor.153931628473058_total_energy_consumption,1356.28,2026-03-21T21:54:32.273Z
sensor.153931628473058_total_energy_consumption,1356.3,2026-03-21T21:55:05.531Z
sensor.153931628473058_total_energy_consumption,1356.31,2026-03-21T21:55:38.772Z
sensor.153931628473058_total_energy_consumption,1356.33,2026-03-21T21:56:14.893Z
sensor.153931628473058_total_energy_consumption,1356.34,2026-03-22T00:55:42.450Z
sensor.153931628473058_total_energy_consumption,1356.35,2026-03-22T05:54:00.580Z
sensor.153931628473058_total_energy_consumption,1356.36,2026-03-22T09:56:49.084Z
sensor.153931628473058_total_energy_consumption,1356.37,2026-03-22T13:16:58.555Z
sensor.153931628473058_total_energy_consumption,1356.38,2026-03-22T16:36:54.546Z
sensor.153931628473058_total_energy_consumption,1356.39,2026-03-22T17:04:06.703Z
sensor.153931628473058_total_energy_consumption,1356.4,2026-03-22T17:05:13.347Z
sensor.153931628473058_total_energy_consumption,1356.41,2026-03-22T17:05:46.682Z
sensor.153931628473058_total_energy_consumption,1356.42,2026-03-22T17:06:19.806Z
sensor.153931628473058_total_energy_consumption,1356.43,2026-03-22T17:06:53.078Z
sensor.153931628473058_total_energy_consumption,1356.44,2026-03-22T17:07:26.482Z
sensor.153931628473058_total_energy_consumption,1356.45,2026-03-22T17:07:59.687Z
sensor.153931628473058_total_energy_consumption,1356.46,2026-03-22T17:08:32.810Z
sensor.153931628473058_total_energy_consumption,1356.47,2026-03-22T17:09:06.038Z
sensor.153931628473058_total_energy_consumption,1356.48,2026-03-22T17:09:39.375Z
sensor.153931628473058_total_energy_consumption,1356.5,2026-03-22T17:10:12.696Z
sensor.153931628473058_total_energy_consumption,1356.51,2026-03-22T17:10:45.885Z
sensor.153931628473058_total_energy_consumption,1356.52,2026-03-22T17:11:19.236Z
sensor.153931628473058_total_energy_consumption,1356.53,2026-03-22T17:11:53.556Z
sensor.153931628473058_total_energy_consumption,1356.54,2026-03-22T17:12:26.854Z
sensor.153931628473058_total_energy_consumption,1356.55,2026-03-22T17:13:00.188Z
sensor.153931628473058_total_energy_consumption,1356.56,2026-03-22T17:13:33.596Z
sensor.153931628473058_total_energy_consumption,1356.58,2026-03-22T17:14:07.772Z
sensor.153931628473058_total_energy_consumption,1356.59,2026-03-22T17:14:41.041Z
sensor.153931628473058_total_energy_consumption,1356.6,2026-03-22T17:15:14.357Z
sensor.153931628473058_total_energy_consumption,1356.61,2026-03-22T17:15:47.682Z
sensor.153931628473058_total_energy_consumption,1356.62,2026-03-22T17:16:20.793Z
sensor.153931628473058_total_energy_consumption,1356.63,2026-03-22T17:16:53.983Z
sensor.153931628473058_total_energy_consumption,1356.65,2026-03-22T17:17:27.276Z
sensor.153931628473058_total_energy_consumption,1356.66,2026-03-22T17:18:00.555Z
sensor.153931628473058_total_energy_consumption,1356.67,2026-03-22T17:18:33.938Z
sensor.153931628473058_total_energy_consumption,1356.68,2026-03-22T17:19:07.329Z
sensor.153931628473058_total_energy_consumption,1356.69,2026-03-22T17:19:40.523Z
sensor.153931628473058_total_energy_consumption,1356.7,2026-03-22T17:20:13.639Z
sensor.153931628473058_total_energy_consumption,1356.71,2026-03-22T17:20:46.911Z
sensor.153931628473058_total_energy_consumption,1356.73,2026-03-22T17:21:20.053Z
sensor.153931628473058_total_energy_consumption,1356.74,2026-03-22T17:21:53.226Z
sensor.153931628473058_total_energy_consumption,1356.75,2026-03-22T17:22:26.488Z
sensor.153931628473058_total_energy_consumption,1356.76,2026-03-22T17:22:59.621Z
sensor.153931628473058_total_energy_consumption,1356.77,2026-03-22T17:23:32.938Z
sensor.153931628473058_total_energy_consumption,1356.78,2026-03-22T17:24:06.242Z
sensor.153931628473058_total_energy_consumption,1356.79,2026-03-22T17:24:39.509Z
sensor.153931628473058_total_energy_consumption,1356.8,2026-03-22T17:25:12.741Z
sensor.153931628473058_total_energy_consumption,1356.82,2026-03-22T17:25:46.916Z
sensor.153931628473058_total_energy_consumption,1356.83,2026-03-22T17:26:20.213Z
sensor.153931628473058_total_energy_consumption,1356.84,2026-03-22T17:26:53.556Z
sensor.153931628473058_total_energy_consumption,1356.85,2026-03-22T17:27:26.795Z
sensor.153931628473058_total_energy_consumption,1356.86,2026-03-22T17:28:00.036Z
sensor.153931628473058_total_energy_consumption,1356.87,2026-03-22T17:28:33.318Z
sensor.153931628473058_total_energy_consumption,1356.88,2026-03-22T17:29:07.083Z
sensor.153931628473058_total_energy_consumption,1356.9,2026-03-22T17:29:40.367Z
sensor.153931628473058_total_energy_consumption,1356.91,2026-03-22T17:30:13.555Z
sensor.153931628473058_total_energy_consumption,1356.92,2026-03-22T17:30:46.780Z
sensor.153931628473058_total_energy_consumption,1356.93,2026-03-22T17:31:20.064Z
sensor.153931628473058_total_energy_consumption,1356.94,2026-03-22T17:31:53.282Z
sensor.153931628473058_total_energy_consumption,1356.95,2026-03-22T17:32:26.407Z
sensor.153931628473058_total_energy_consumption,1356.96,2026-03-22T17:32:59.741Z
sensor.153931628473058_total_energy_consumption,1356.97,2026-03-22T17:33:32.957Z
sensor.153931628473058_total_energy_consumption,1356.98,2026-03-22T17:34:06.153Z
sensor.153931628473058_total_energy_consumption,1356.99,2026-03-22T17:34:39.259Z
sensor.153931628473058_total_energy_consumption,1357.0,2026-03-22T17:35:12.461Z
sensor.153931628473058_total_energy_consumption,1357.02,2026-03-22T17:35:47.232Z
sensor.153931628473058_total_energy_consumption,1357.03,2026-03-22T17:36:20.500Z
sensor.153931628473058_total_energy_consumption,1357.04,2026-03-22T17:36:53.898Z
sensor.153931628473058_total_energy_consumption,1357.05,2026-03-22T17:37:27.143Z
sensor.153931628473058_total_energy_consumption,1357.06,2026-03-22T17:38:00.369Z
sensor.153931628473058_total_energy_consumption,1357.07,2026-03-22T17:38:33.629Z
sensor.153931628473058_total_energy_consumption,1357.08,2026-03-22T17:39:06.832Z
sensor.153931628473058_total_energy_consumption,1357.09,2026-03-22T17:39:41.079Z
sensor.153931628473058_total_energy_consumption,1357.1,2026-03-22T17:40:14.208Z
sensor.153931628473058_total_energy_consumption,1357.12,2026-03-22T17:40:47.398Z
sensor.153931628473058_total_energy_consumption,1357.13,2026-03-22T17:41:20.732Z
sensor.153931628473058_total_energy_consumption,1357.14,2026-03-22T17:41:54.038Z
sensor.153931628473058_total_energy_consumption,1357.15,2026-03-22T17:42:28.320Z
sensor.153931628473058_total_energy_consumption,1357.16,2026-03-22T17:43:01.585Z
sensor.153931628473058_total_energy_consumption,1357.17,2026-03-22T17:43:34.793Z
sensor.153931628473058_total_energy_consumption,1357.18,2026-03-22T17:44:08.050Z
sensor.153931628473058_total_energy_consumption,1357.19,2026-03-22T17:44:41.238Z
sensor.153931628473058_total_energy_consumption,1357.2,2026-03-22T17:45:14.467Z
sensor.153931628473058_total_energy_consumption,1357.21,2026-03-22T17:45:47.704Z
sensor.153931628473058_total_energy_consumption,1357.22,2026-03-22T17:46:21.008Z
sensor.153931628473058_total_energy_consumption,1357.23,2026-03-22T17:46:55.262Z
sensor.153931628473058_total_energy_consumption,1357.25,2026-03-22T17:47:28.502Z
sensor.153931628473058_total_energy_consumption,1357.26,2026-03-22T17:48:01.822Z
sensor.153931628473058_total_energy_consumption,1357.27,2026-03-22T17:48:35.102Z
sensor.153931628473058_total_energy_consumption,1357.28,2026-03-22T17:49:08.346Z
sensor.153931628473058_total_energy_consumption,1357.29,2026-03-22T17:49:41.520Z
sensor.153931628473058_total_energy_consumption,1357.3,2026-03-22T17:50:14.771Z
sensor.153931628473058_total_energy_consumption,1357.31,2026-03-22T17:50:47.946Z
sensor.153931628473058_total_energy_consumption,1357.32,2026-03-22T17:51:21.339Z
sensor.153931628473058_total_energy_consumption,1357.33,2026-03-22T17:51:54.733Z
sensor.153931628473058_total_energy_consumption,1357.34,2026-03-22T17:52:27.925Z
sensor.153931628473058_total_energy_consumption,1357.35,2026-03-22T17:53:02.143Z
sensor.153931628473058_total_energy_consumption,1357.36,2026-03-22T17:53:35.449Z
sensor.153931628473058_total_energy_consumption,1357.37,2026-03-22T17:54:08.763Z
sensor.153931628473058_total_energy_consumption,1357.38,2026-03-22T17:54:42.953Z
sensor.153931628473058_total_energy_consumption,1357.39,2026-03-22T17:55:16.205Z
sensor.153931628473058_total_energy_consumption,1357.4,2026-03-22T17:55:49.463Z
sensor.153931628473058_total_energy_consumption,1357.41,2026-03-22T17:56:22.796Z
sensor.153931628473058_total_energy_consumption,1357.42,2026-03-22T17:56:55.999Z
sensor.153931628473058_total_energy_consumption,1357.43,2026-03-22T17:57:29.221Z
sensor.153931628473058_total_energy_consumption,1357.44,2026-03-22T17:58:02.497Z
sensor.153931628473058_total_energy_consumption,1357.45,2026-03-22T17:58:35.616Z
sensor.153931628473058_total_energy_consumption,1357.46,2026-03-22T17:59:09.815Z
sensor.153931628473058_total_energy_consumption,1357.47,2026-03-22T17:59:43.033Z
sensor.153931628473058_total_energy_consumption,1357.48,2026-03-22T18:00:16.263Z
sensor.153931628473058_total_energy_consumption,1357.49,2026-03-22T18:00:49.467Z
sensor.153931628473058_total_energy_consumption,1357.5,2026-03-22T18:01:22.872Z
sensor.153931628473058_total_energy_consumption,1357.51,2026-03-22T18:01:57.041Z
sensor.153931628473058_total_energy_consumption,1357.52,2026-03-22T18:02:30.219Z
sensor.153931628473058_total_energy_consumption,1357.53,2026-03-22T18:03:03.465Z
sensor.153931628473058_total_energy_consumption,1357.54,2026-03-22T18:03:36.821Z
sensor.153931628473058_total_energy_consumption,1357.55,2026-03-22T18:04:10.201Z
sensor.153931628473058_total_energy_consumption,1357.56,2026-03-22T18:04:43.371Z
sensor.153931628473058_total_energy_consumption,1357.57,2026-03-22T18:05:16.611Z
sensor.153931628473058_total_energy_consumption,1357.58,2026-03-22T18:05:49.805Z
sensor.153931628473058_total_energy_consumption,1357.59,2026-03-22T18:06:23.569Z
sensor.153931628473058_total_energy_consumption,1357.6,2026-03-22T18:06:56.893Z
sensor.153931628473058_total_energy_consumption,1357.61,2026-03-22T18:07:30.173Z
sensor.153931628473058_total_energy_consumption,1357.62,2026-03-22T18:08:03.371Z
sensor.153931628473058_total_energy_consumption,1357.64,2026-03-22T18:08:36.612Z
sensor.153931628473058_total_energy_consumption,1357.65,2026-03-22T18:09:09.918Z
sensor.153931628473058_total_energy_consumption,1357.66,2026-03-22T18:09:43.256Z
sensor.153931628473058_total_energy_consumption,1357.67,2026-03-22T18:10:16.420Z
sensor.153931628473058_total_energy_consumption,1357.68,2026-03-22T18:10:49.714Z
sensor.153931628473058_total_energy_consumption,1357.69,2026-03-22T18:11:23.005Z
sensor.153931628473058_total_energy_consumption,1357.7,2026-03-22T18:11:56.200Z
sensor.153931628473058_total_energy_consumption,1357.71,2026-03-22T18:12:29.494Z
sensor.153931628473058_total_energy_consumption,1357.72,2026-03-22T18:13:02.691Z
sensor.153931628473058_total_energy_consumption,1357.73,2026-03-22T18:13:35.907Z
sensor.153931628473058_total_energy_consumption,1357.74,2026-03-22T18:14:09.237Z
sensor.153931628473058_total_energy_consumption,1357.75,2026-03-22T18:14:42.514Z
sensor.153931628473058_total_energy_consumption,1357.76,2026-03-22T18:15:15.794Z
sensor.153931628473058_total_energy_consumption,1357.77,2026-03-22T18:15:48.980Z
sensor.153931628473058_total_energy_consumption,1357.78,2026-03-22T18:16:22.147Z
sensor.153931628473058_total_energy_consumption,1357.79,2026-03-22T18:16:56.332Z
sensor.153931628473058_total_energy_consumption,1357.8,2026-03-22T18:17:30.538Z
sensor.153931628473058_total_energy_consumption,1357.81,2026-03-22T18:18:03.857Z
sensor.153931628473058_total_energy_consumption,1357.82,2026-03-22T18:18:37.124Z
sensor.153931628473058_total_energy_consumption,1357.83,2026-03-22T18:19:10.536Z
sensor.153931628473058_total_energy_consumption,1357.84,2026-03-22T18:19:43.735Z
sensor.153931628473058_total_energy_consumption,1357.85,2026-03-22T18:20:17.059Z
sensor.153931628473058_total_energy_consumption,1357.86,2026-03-22T18:20:50.348Z
sensor.153931628473058_total_energy_consumption,1357.87,2026-03-22T18:21:23.737Z
sensor.153931628473058_total_energy_consumption,1357.88,2026-03-22T18:21:57.890Z
sensor.153931628473058_total_energy_consumption,1357.89,2026-03-22T18:22:31.039Z
sensor.153931628473058_total_energy_consumption,1357.9,2026-03-22T18:23:04.289Z
sensor.153931628473058_total_energy_consumption,1357.91,2026-03-22T18:23:37.587Z
sensor.153931628473058_total_energy_consumption,1357.92,2026-03-22T18:24:10.791Z
sensor.153931628473058_total_energy_consumption,1357.94,2026-03-22T18:24:43.981Z
sensor.153931628473058_total_energy_consumption,1357.95,2026-03-22T18:25:18.281Z
sensor.153931628473058_total_energy_consumption,1357.96,2026-03-22T18:25:51.587Z
sensor.153931628473058_total_energy_consumption,1357.97,2026-03-22T18:26:25.791Z
sensor.153931628473058_total_energy_consumption,1357.98,2026-03-22T18:26:59.159Z
sensor.153931628473058_total_energy_consumption,1357.99,2026-03-22T18:27:32.477Z
sensor.153931628473058_total_energy_consumption,1358.0,2026-03-22T18:28:05.751Z
sensor.153931628473058_total_energy_consumption,1358.01,2026-03-22T18:28:38.917Z
sensor.153931628473058_total_energy_consumption,1358.02,2026-03-22T18:29:12.180Z
sensor.153931628473058_total_energy_consumption,1358.03,2026-03-22T18:29:45.593Z
sensor.153931628473058_total_energy_consumption,1358.04,2026-03-22T18:30:18.860Z
sensor.153931628473058_total_energy_consumption,1358.05,2026-03-22T18:30:52.106Z
sensor.153931628473058_total_energy_consumption,1358.06,2026-03-22T18:31:26.272Z
sensor.153931628473058_total_energy_consumption,1358.07,2026-03-22T18:31:59.522Z
sensor.153931628473058_total_energy_consumption,1358.08,2026-03-22T18:32:33.613Z
sensor.153931628473058_total_energy_consumption,1358.09,2026-03-22T18:33:06.890Z
sensor.153931628473058_total_energy_consumption,1358.1,2026-03-22T18:34:13.478Z
sensor.153931628473058_total_energy_consumption,1358.11,2026-03-22T18:34:46.780Z
sensor.153931628473058_total_energy_consumption,1358.12,2026-03-22T18:35:20.707Z
sensor.153931628473058_total_energy_consumption,1358.13,2026-03-22T18:35:53.945Z
sensor.153931628473058_total_energy_consumption,1358.14,2026-03-22T18:36:27.196Z
sensor.153931628473058_total_energy_consumption,1358.15,2026-03-22T18:37:00.441Z
sensor.153931628473058_total_energy_consumption,1358.16,2026-03-22T18:37:33.761Z
sensor.153931628473058_total_energy_consumption,1358.17,2026-03-22T18:38:07.916Z
sensor.153931628473058_total_energy_consumption,1358.18,2026-03-22T18:39:14.382Z
sensor.153931628473058_total_energy_consumption,1358.19,2026-03-22T18:39:47.652Z
sensor.153931628473058_total_energy_consumption,1358.2,2026-03-22T18:40:20.852Z
sensor.153931628473058_total_energy_consumption,1358.21,2026-03-22T18:40:54.054Z
sensor.153931628473058_total_energy_consumption,1358.22,2026-03-22T18:41:27.312Z
sensor.153931628473058_total_energy_consumption,1358.23,2026-03-22T18:42:00.562Z
sensor.153931628473058_total_energy_consumption,1358.24,2026-03-22T18:42:33.876Z
sensor.153931628473058_total_energy_consumption,1358.25,2026-03-22T18:43:07.202Z
sensor.153931628473058_total_energy_consumption,1358.26,2026-03-22T18:43:40.445Z
sensor.153931628473058_total_energy_consumption,1358.28,2026-03-22T18:44:47.045Z
sensor.153931628473058_total_energy_consumption,1358.29,2026-03-22T18:45:20.813Z
sensor.153931628473058_total_energy_consumption,1358.3,2026-03-22T18:45:54.161Z
sensor.153931628473058_total_energy_consumption,1358.31,2026-03-22T18:46:27.359Z
sensor.153931628473058_total_energy_consumption,1358.32,2026-03-22T18:47:00.692Z
sensor.153931628473058_total_energy_consumption,1358.33,2026-03-22T18:47:33.970Z
sensor.153931628473058_total_energy_consumption,1358.34,2026-03-22T18:48:07.248Z
sensor.153931628473058_total_energy_consumption,1358.35,2026-03-22T18:48:40.518Z
sensor.153931628473058_total_energy_consumption,1358.36,2026-03-22T18:49:14.903Z
sensor.153931628473058_total_energy_consumption,1358.37,2026-03-22T18:49:49.063Z
sensor.153931628473058_total_energy_consumption,1358.39,2026-03-22T18:50:56.077Z
sensor.153931628473058_total_energy_consumption,1358.4,2026-03-22T18:51:29.253Z
sensor.153931628473058_total_energy_consumption,1358.41,2026-03-22T18:52:02.552Z
sensor.153931628473058_total_energy_consumption,1358.42,2026-03-22T18:52:35.754Z
sensor.153931628473058_total_energy_consumption,1358.43,2026-03-22T18:53:09.939Z
sensor.153931628473058_total_energy_consumption,1358.44,2026-03-22T18:53:43.195Z
sensor.153931628473058_total_energy_consumption,1358.45,2026-03-22T18:54:16.447Z
sensor.153931628473058_total_energy_consumption,1358.46,2026-03-22T18:55:22.926Z
sensor.153931628473058_total_energy_consumption,1358.47,2026-03-22T18:55:56.186Z
sensor.153931628473058_total_energy_consumption,1358.49,2026-03-22T18:57:03.225Z
sensor.153931628473058_total_energy_consumption,1358.5,2026-03-22T18:57:36.556Z
sensor.153931628473058_total_energy_consumption,1358.51,2026-03-22T18:58:09.874Z
sensor.153931628473058_total_energy_consumption,1358.52,2026-03-22T18:58:44.080Z
sensor.153931628473058_total_energy_consumption,1358.53,2026-03-22T18:59:15.645Z
sensor.153931628473058_total_energy_consumption,1358.54,2026-03-22T19:03:10.258Z
sensor.153931628473058_total_energy_consumption,1358.55,2026-03-22T19:03:43.492Z
sensor.153931628473058_total_energy_consumption,1358.56,2026-03-22T19:04:16.746Z
sensor.153931628473058_total_energy_consumption,1358.57,2026-03-22T19:04:49.972Z
sensor.153931628473058_total_energy_consumption,1358.58,2026-03-22T19:05:56.465Z
sensor.153931628473058_total_energy_consumption,1358.59,2026-03-22T19:06:29.579Z
sensor.153931628473058_total_energy_consumption,1358.6,2026-03-22T19:07:02.843Z
sensor.153931628473058_total_energy_consumption,1358.61,2026-03-22T19:07:36.105Z
sensor.153931628473058_total_energy_consumption,1358.62,2026-03-22T19:08:09.319Z
sensor.153931628473058_total_energy_consumption,1358.63,2026-03-22T19:08:42.429Z
sensor.153931628473058_total_energy_consumption,1358.64,2026-03-22T19:09:48.928Z
sensor.153931628473058_total_energy_consumption,1358.65,2026-03-22T19:10:22.172Z
sensor.153931628473058_total_energy_consumption,1358.66,2026-03-22T19:10:55.435Z
sensor.153931628473058_total_energy_consumption,1358.67,2026-03-22T19:11:29.762Z
sensor.153931628473058_total_energy_consumption,1358.68,2026-03-22T19:12:36.319Z
sensor.153931628473058_total_energy_consumption,1358.69,2026-03-22T19:13:09.645Z
sensor.153931628473058_total_energy_consumption,1358.7,2026-03-22T19:14:16.127Z
sensor.153931628473058_total_energy_consumption,1358.71,2026-03-22T19:14:49.396Z
sensor.153931628473058_total_energy_consumption,1358.72,2026-03-22T19:15:22.589Z
sensor.153931628473058_total_energy_consumption,1358.73,2026-03-22T19:16:29.259Z
sensor.153931628473058_total_energy_consumption,1358.74,2026-03-22T19:17:02.649Z
sensor.153931628473058_total_energy_consumption,1358.75,2026-03-22T19:18:09.078Z
sensor.153931628473058_total_energy_consumption,1358.76,2026-03-22T19:19:16.304Z
sensor.153931628473058_total_energy_consumption,1358.77,2026-03-22T19:19:49.517Z
sensor.153931628473058_total_energy_consumption,1358.78,2026-03-22T19:20:56.527Z
sensor.153931628473058_total_energy_consumption,1358.79,2026-03-22T19:21:30.733Z
sensor.153931628473058_total_energy_consumption,1358.8,2026-03-22T19:22:37.834Z
sensor.153931628473058_total_energy_consumption,1358.81,2026-03-22T19:23:11.073Z
sensor.153931628473058_total_energy_consumption,1358.82,2026-03-22T19:24:17.585Z
sensor.153931628473058_total_energy_consumption,1358.83,2026-03-22T19:24:51.347Z
sensor.153931628473058_total_energy_consumption,1358.84,2026-03-22T19:25:24.653Z
sensor.153931628473058_total_energy_consumption,1358.85,2026-03-22T19:26:31.170Z
sensor.153931628473058_total_energy_consumption,1358.86,2026-03-22T19:27:04.383Z
sensor.153931628473058_total_energy_consumption,1358.87,2026-03-22T19:28:10.953Z
sensor.153931628473058_total_energy_consumption,1358.88,2026-03-22T19:29:17.534Z
sensor.153931628473058_total_energy_consumption,1358.89,2026-03-22T19:29:50.846Z
sensor.153931628473058_total_energy_consumption,1358.9,2026-03-22T19:30:57.241Z
sensor.153931628473058_total_energy_consumption,1358.91,2026-03-22T19:32:05.430Z
sensor.153931628473058_total_energy_consumption,1358.92,2026-03-22T19:33:11.838Z
sensor.153931628473058_total_energy_consumption,1358.93,2026-03-22T19:34:18.427Z
sensor.153931628473058_total_energy_consumption,1358.94,2026-03-22T19:34:52.642Z
sensor.153931628473058_total_energy_consumption,1358.95,2026-03-22T19:35:59.041Z
sensor.153931628473058_total_energy_consumption,1358.96,2026-03-22T19:36:32.235Z
sensor.153931628473058_total_energy_consumption,1358.97,2026-03-22T19:37:38.703Z
sensor.153931628473058_total_energy_consumption,1358.98,2026-03-22T19:38:11.953Z
sensor.153931628473058_total_energy_consumption,1358.99,2026-03-22T19:38:46.117Z
sensor.153931628473058_total_energy_consumption,1359.0,2026-03-22T19:39:52.859Z
sensor.153931628473058_total_energy_consumption,1359.01,2026-03-22T19:40:26.131Z
sensor.153931628473058_total_energy_consumption,1359.02,2026-03-22T19:41:32.742Z
sensor.153931628473058_total_energy_consumption,1359.03,2026-03-22T19:42:06.009Z
sensor.153931628473058_total_energy_consumption,1359.04,2026-03-22T19:42:39.248Z
sensor.153931628473058_total_energy_consumption,1359.05,2026-03-22T19:43:45.872Z
sensor.153931628473058_total_energy_consumption,1359.06,2026-03-22T19:44:52.244Z
sensor.153931628473058_total_energy_consumption,1359.07,2026-03-22T19:45:58.712Z
sensor.153931628473058_total_energy_consumption,1359.08,2026-03-22T19:47:05.088Z
sensor.153931628473058_total_energy_consumption,1359.09,2026-03-22T19:47:38.314Z
sensor.153931628473058_total_energy_consumption,1359.1,2026-03-22T19:48:45.030Z
sensor.153931628473058_total_energy_consumption,1359.11,2026-03-22T19:49:51.619Z
sensor.153931628473058_total_energy_consumption,1359.12,2026-03-22T19:50:58.146Z
sensor.153931628473058_total_energy_consumption,1359.13,2026-03-22T19:52:04.689Z
sensor.153931628473058_total_energy_consumption,1359.14,2026-03-22T19:52:38.884Z
sensor.153931628473058_total_energy_consumption,1359.15,2026-03-22T19:53:45.498Z
sensor.153931628473058_total_energy_consumption,1359.16,2026-03-22T19:54:51.896Z
sensor.153931628473058_total_energy_consumption,1359.17,2026-03-22T19:55:58.425Z
sensor.153931628473058_total_energy_consumption,1359.18,2026-03-22T19:57:04.888Z
sensor.153931628473058_total_energy_consumption,1359.19,2026-03-22T19:57:38.287Z
sensor.153931628473058_total_energy_consumption,1359.2,2026-03-22T19:58:44.788Z
sensor.153931628473058_total_energy_consumption,1359.21,2026-03-22T19:59:52.925Z
sensor.153931628473058_total_energy_consumption,1359.22,2026-03-22T20:00:59.342Z
sensor.153931628473058_total_energy_consumption,1359.23,2026-03-22T20:02:05.968Z
sensor.153931628473058_total_energy_consumption,1359.24,2026-03-22T20:03:12.577Z
sensor.153931628473058_total_energy_consumption,1359.25,2026-03-22T20:03:45.785Z
sensor.153931628473058_total_energy_consumption,1359.26,2026-03-22T20:04:52.306Z
sensor.153931628473058_total_energy_consumption,1359.27,2026-03-22T20:05:59.700Z
sensor.153931628473058_total_energy_consumption,1359.28,2026-03-22T20:07:06.117Z
sensor.153931628473058_total_energy_consumption,1359.29,2026-03-22T20:08:13.141Z
sensor.153931628473058_total_energy_consumption,1359.3,2026-03-22T20:08:46.397Z
sensor.153931628473058_total_energy_consumption,1359.31,2026-03-22T20:09:52.894Z
sensor.153931628473058_total_energy_consumption,1359.32,2026-03-22T20:10:26.098Z
sensor.153931628473058_total_energy_consumption,1359.33,2026-03-22T20:11:32.641Z
sensor.153931628473058_total_energy_consumption,1359.34,2026-03-22T20:12:05.901Z
sensor.153931628473058_total_energy_consumption,1359.35,2026-03-22T20:12:39.285Z
sensor.153931628473058_total_energy_consumption,1359.36,2026-03-22T20:13:46.808Z
sensor.153931628473058_total_energy_consumption,1359.37,2026-03-22T20:14:20.144Z
sensor.153931628473058_total_energy_consumption,1359.38,2026-03-22T20:15:26.734Z
sensor.153931628473058_total_energy_consumption,1359.39,2026-03-22T20:15:59.954Z
sensor.153931628473058_total_energy_consumption,1359.4,2026-03-22T20:17:06.516Z
sensor.153931628473058_total_energy_consumption,1359.41,2026-03-22T20:17:39.725Z
sensor.153931628473058_total_energy_consumption,1359.42,2026-03-22T20:18:46.157Z
sensor.153931628473058_total_energy_consumption,1359.43,2026-03-22T20:19:52.940Z
sensor.153931628473058_total_energy_consumption,1359.44,2026-03-22T20:20:26.135Z
sensor.153931628473058_total_energy_consumption,1359.45,2026-03-22T20:20:59.388Z
sensor.153931628473058_total_energy_consumption,1359.46,2026-03-22T20:22:06.065Z
sensor.153931628473058_total_energy_consumption,1359.47,2026-03-22T20:22:39.282Z
sensor.153931628473058_total_energy_consumption,1359.48,2026-03-22T20:23:45.699Z
sensor.153931628473058_total_energy_consumption,1359.49,2026-03-22T20:24:18.868Z
sensor.153931628473058_total_energy_consumption,1359.5,2026-03-22T20:25:25.499Z
sensor.153931628473058_total_energy_consumption,1359.51,2026-03-22T20:25:58.757Z
sensor.153931628473058_total_energy_consumption,1359.52,2026-03-22T20:27:05.358Z
sensor.153931628473058_total_energy_consumption,1359.53,2026-03-22T20:27:38.620Z
sensor.153931628473058_total_energy_consumption,1359.54,2026-03-22T20:28:45.089Z
sensor.153931628473058_total_energy_consumption,1359.55,2026-03-22T20:29:19.368Z
sensor.153931628473058_total_energy_consumption,1359.56,2026-03-22T20:29:53.603Z
sensor.153931628473058_total_energy_consumption,1359.57,2026-03-22T20:31:00.051Z
sensor.153931628473058_total_energy_consumption,1359.58,2026-03-22T20:31:33.309Z
sensor.153931628473058_total_energy_consumption,1359.59,2026-03-22T20:32:39.820Z
sensor.153931628473058_total_energy_consumption,1359.6,2026-03-22T20:33:14.197Z
sensor.153931628473058_total_energy_consumption,1359.61,2026-03-22T20:34:20.714Z
sensor.153931628473058_total_energy_consumption,1359.62,2026-03-22T20:34:53.861Z
sensor.153931628473058_total_energy_consumption,1359.63,2026-03-22T20:36:00.979Z
sensor.153931628473058_total_energy_consumption,1359.64,2026-03-22T20:36:34.226Z
sensor.153931628473058_total_energy_consumption,1359.65,2026-03-22T20:37:07.456Z
sensor.153931628473058_total_energy_consumption,1359.66,2026-03-22T20:38:13.841Z
sensor.153931628473058_total_energy_consumption,1359.67,2026-03-22T20:38:47.093Z
sensor.153931628473058_total_energy_consumption,1359.68,2026-03-22T20:39:20.321Z
sensor.153931628473058_total_energy_consumption,1359.69,2026-03-22T20:40:27.683Z
sensor.153931628473058_total_energy_consumption,1359.7,2026-03-22T20:41:00.652Z
sensor.153931628473058_total_energy_consumption,1359.71,2026-03-22T20:41:33.812Z
sensor.153931628473058_total_energy_consumption,1359.72,2026-03-22T20:42:07.161Z
sensor.153931628473058_total_energy_consumption,1359.73,2026-03-22T20:43:13.561Z
sensor.153931628473058_total_energy_consumption,1359.74,2026-03-22T20:43:46.784Z
sensor.153931628473058_total_energy_consumption,1359.75,2026-03-22T20:47:06.951Z
sensor.153931628473058_total_energy_consumption,1359.76,2026-03-22T20:48:13.508Z
sensor.153931628473058_total_energy_consumption,1359.77,2026-03-22T20:48:46.737Z
sensor.153931628473058_total_energy_consumption,1359.78,2026-03-22T20:49:19.922Z
sensor.153931628473058_total_energy_consumption,1359.79,2026-03-22T20:49:53.200Z
sensor.153931628473058_total_energy_consumption,1359.8,2026-03-22T20:50:27.301Z
sensor.153931628473058_total_energy_consumption,1359.81,2026-03-22T20:51:33.747Z
sensor.153931628473058_total_energy_consumption,1359.82,2026-03-22T20:52:07.013Z
sensor.153931628473058_total_energy_consumption,1359.83,2026-03-22T20:53:13.354Z
sensor.153931628473058_total_energy_consumption,1359.84,2026-03-22T20:57:06.319Z
sensor.153931628473058_total_energy_consumption,1359.86,2026-03-22T20:58:12.870Z
sensor.153931628473058_total_energy_consumption,1359.87,2026-03-22T20:59:19.472Z
sensor.153931628473058_total_energy_consumption,1359.88,2026-03-22T20:59:52.707Z
sensor.153931628473058_total_energy_consumption,1359.89,2026-03-22T21:00:25.836Z
sensor.153931628473058_total_energy_consumption,1359.9,2026-03-22T21:00:59.133Z
sensor.153931628473058_total_energy_consumption,1359.91,2026-03-22T21:02:08.127Z
sensor.153931628473058_total_energy_consumption,1359.92,2026-03-22T21:02:41.311Z
sensor.153931628473058_total_energy_consumption,1359.93,2026-03-22T21:07:07.570Z
sensor.153931628473058_total_energy_consumption,1359.94,2026-03-22T21:07:40.799Z
sensor.153931628473058_total_energy_consumption,1359.95,2026-03-22T21:08:14.148Z
sensor.153931628473058_total_energy_consumption,1359.96,2026-03-22T21:08:47.336Z
sensor.153931628473058_total_energy_consumption,1359.97,2026-03-22T21:09:20.706Z
sensor.153931628473058_total_energy_consumption,1359.98,2026-03-22T21:09:53.990Z
sensor.153931628473058_total_energy_consumption,1359.99,2026-03-22T21:11:01.540Z
sensor.153931628473058_total_energy_consumption,1360.0,2026-03-22T21:12:08.606Z
sensor.153931628473058_total_energy_consumption,1360.01,2026-03-22T21:12:41.840Z
sensor.153931628473058_total_energy_consumption,1360.02,2026-03-22T21:16:34.673Z
sensor.153931628473058_total_energy_consumption,1360.03,2026-03-22T21:17:07.840Z
sensor.153931628473058_total_energy_consumption,1360.04,2026-03-22T21:17:41.209Z
sensor.153931628473058_total_energy_consumption,1360.05,2026-03-22T21:18:14.472Z
sensor.153931628473058_total_energy_consumption,1360.06,2026-03-22T21:18:47.679Z
sensor.153931628473058_total_energy_consumption,1360.07,2026-03-22T21:19:54.095Z
sensor.153931628473058_total_energy_consumption,1360.08,2026-03-22T21:20:27.377Z
sensor.153931628473058_total_energy_consumption,1360.09,2026-03-22T21:21:00.682Z
sensor.153931628473058_total_energy_consumption,1360.1,2026-03-22T21:22:07.045Z
sensor.153931628473058_total_energy_consumption,1360.11,2026-03-22T21:22:40.797Z
sensor.153931628473058_total_energy_consumption,1360.12,2026-03-22T21:23:47.928Z
sensor.153931628473058_total_energy_consumption,1360.13,2026-03-22T21:24:21.046Z
sensor.153931628473058_total_energy_consumption,1360.14,2026-03-22T21:25:29.617Z
sensor.153931628473058_total_energy_consumption,1360.15,2026-03-22T21:26:02.989Z
sensor.153931628473058_total_energy_consumption,1360.16,2026-03-22T21:27:10.232Z
sensor.153931628473058_total_energy_consumption,1360.17,2026-03-22T21:28:17.321Z
sensor.153931628473058_total_energy_consumption,1360.18,2026-03-22T21:28:50.499Z
sensor.153931628473058_total_energy_consumption,1360.19,2026-03-22T21:29:56.903Z
sensor.153931628473058_total_energy_consumption,1360.2,2026-03-22T21:33:50.371Z
sensor.153931628473058_total_energy_consumption,1360.21,2026-03-22T21:34:23.695Z
sensor.153931628473058_total_energy_consumption,1360.22,2026-03-22T21:34:56.868Z
sensor.153931628473058_total_energy_consumption,1360.23,2026-03-22T21:35:30.068Z
sensor.153931628473058_total_energy_consumption,1360.24,2026-03-22T21:36:03.412Z
sensor.153931628473058_total_energy_consumption,1360.25,2026-03-22T21:37:09.865Z
sensor.153931628473058_total_energy_consumption,1360.26,2026-03-22T21:37:43.171Z
sensor.153931628473058_total_energy_consumption,1360.27,2026-03-22T21:38:49.505Z
sensor.153931628473058_total_energy_consumption,1360.28,2026-03-22T21:39:22.836Z
sensor.153931628473058_total_energy_consumption,1360.29,2026-03-22T21:40:30.493Z
sensor.153931628473058_total_energy_consumption,1360.3,2026-03-22T21:44:23.290Z
sensor.153931628473058_total_energy_consumption,1360.31,2026-03-22T21:44:56.453Z
sensor.153931628473058_total_energy_consumption,1360.32,2026-03-22T21:45:29.754Z
sensor.153931628473058_total_energy_consumption,1360.33,2026-03-22T21:46:03.077Z
sensor.153931628473058_total_energy_consumption,1360.34,2026-03-22T21:46:36.791Z
sensor.153931628473058_total_energy_consumption,1360.35,2026-03-22T21:47:44.538Z
sensor.153931628473058_total_energy_consumption,1360.36,2026-03-22T21:48:17.880Z
sensor.153931628473058_total_energy_consumption,1360.37,2026-03-22T21:48:51.067Z
sensor.153931628473058_total_energy_consumption,1360.38,2026-03-22T21:49:57.707Z
sensor.153931628473058_total_energy_consumption,1360.39,2026-03-22T21:53:50.981Z
sensor.153931628473058_total_energy_consumption,1360.4,2026-03-22T21:54:24.183Z
sensor.153931628473058_total_energy_consumption,1360.41,2026-03-22T21:54:57.594Z
sensor.153931628473058_total_energy_consumption,1360.42,2026-03-22T21:56:05.139Z
sensor.153931628473058_total_energy_consumption,1360.43,2026-03-22T21:56:38.441Z
sensor.153931628473058_total_energy_consumption,1360.44,2026-03-22T21:57:11.743Z
sensor.153931628473058_total_energy_consumption,1360.45,2026-03-22T21:57:44.936Z
sensor.153931628473058_total_energy_consumption,1360.46,2026-03-22T21:58:51.590Z
sensor.153931628473058_total_energy_consumption,1360.47,2026-03-22T21:59:24.836Z
sensor.153931628473058_total_energy_consumption,1360.48,2026-03-22T22:03:52.306Z
sensor.153931628473058_total_energy_consumption,1360.49,2026-03-22T22:04:25.511Z
sensor.153931628473058_total_energy_consumption,1360.5,2026-03-22T22:04:58.690Z
sensor.153931628473058_total_energy_consumption,1360.51,2026-03-22T22:05:32.093Z
sensor.153931628473058_total_energy_consumption,1360.52,2026-03-22T22:06:05.323Z
sensor.153931628473058_total_energy_consumption,1360.53,2026-03-22T22:07:12.299Z
sensor.153931628473058_total_energy_consumption,1360.54,2026-03-22T22:07:46.626Z
sensor.153931628473058_total_energy_consumption,1360.55,2026-03-22T22:08:19.807Z
sensor.153931628473058_total_energy_consumption,1360.56,2026-03-22T22:09:26.319Z
sensor.153931628473058_total_energy_consumption,1360.57,2026-03-22T22:09:59.523Z
sensor.153931628473058_total_energy_consumption,1360.58,2026-03-22T22:14:25.731Z
sensor.153931628473058_total_energy_consumption,1360.59,2026-03-22T22:14:58.978Z
sensor.153931628473058_total_energy_consumption,1360.6,2026-03-22T22:15:32.359Z
sensor.153931628473058_total_energy_consumption,1360.61,2026-03-22T22:16:05.611Z
sensor.153931628473058_total_energy_consumption,1360.62,2026-03-22T22:16:38.838Z
sensor.153931628473058_total_energy_consumption,1360.63,2026-03-22T22:17:12.092Z
sensor.153931628473058_total_energy_consumption,1360.64,2026-03-22T22:18:18.550Z
sensor.153931628473058_total_energy_consumption,1360.65,2026-03-22T22:18:51.738Z
sensor.153931628473058_total_energy_consumption,1360.66,2026-03-22T22:19:58.932Z
sensor.153931628473058_total_energy_consumption,1360.67,2026-03-22T22:20:32.048Z
sensor.153931628473058_total_energy_consumption,1360.68,2026-03-22T22:21:38.718Z
sensor.153931628473058_total_energy_consumption,1360.69,2026-03-22T22:22:46.231Z
sensor.153931628473058_total_energy_consumption,1360.7,2026-03-22T22:23:19.548Z
sensor.153931628473058_total_energy_consumption,1360.71,2026-03-22T22:24:26.742Z
sensor.153931628473058_total_energy_consumption,1360.72,2026-03-22T22:24:59.849Z
sensor.153931628473058_total_energy_consumption,1360.73,2026-03-22T22:26:06.311Z
sensor.153931628473058_total_energy_consumption,1360.74,2026-03-22T22:26:39.562Z
sensor.153931628473058_total_energy_consumption,1360.75,2026-03-22T22:31:05.597Z
sensor.153931628473058_total_energy_consumption,1360.76,2026-03-22T22:31:38.786Z
sensor.153931628473058_total_energy_consumption,1360.77,2026-03-22T22:32:12.224Z
sensor.153931628473058_total_energy_consumption,1360.78,2026-03-22T22:32:46.469Z
sensor.153931628473058_total_energy_consumption,1360.79,2026-03-22T22:33:19.757Z
sensor.153931628473058_total_energy_consumption,1360.8,2026-03-22T22:34:26.367Z
sensor.153931628473058_total_energy_consumption,1360.81,2026-03-22T22:35:00.520Z
sensor.153931628473058_total_energy_consumption,1360.82,2026-03-22T22:36:07.932Z
sensor.153931628473058_total_energy_consumption,1360.83,2026-03-22T22:36:42.134Z
sensor.153931628473058_total_energy_consumption,1360.84,2026-03-22T22:37:48.602Z
sensor.153931628473058_total_energy_consumption,1360.85,2026-03-22T22:38:22.747Z
sensor.153931628473058_total_energy_consumption,1360.86,2026-03-22T22:39:29.152Z
sensor.153931628473058_total_energy_consumption,1360.87,2026-03-22T22:43:24.242Z
sensor.153931628473058_total_energy_consumption,1360.88,2026-03-22T22:43:57.509Z
sensor.153931628473058_total_energy_consumption,1360.89,2026-03-22T22:44:30.763Z
sensor.153931628473058_total_energy_consumption,1360.9,2026-03-22T22:45:03.996Z
sensor.153931628473058_total_energy_consumption,1360.91,2026-03-22T22:46:10.522Z
sensor.153931628473058_total_energy_consumption,1360.92,2026-03-22T22:46:43.794Z
sensor.153931628473058_total_energy_consumption,1360.93,2026-03-22T22:47:17.063Z
sensor.153931628473058_total_energy_consumption,1360.94,2026-03-22T22:48:23.645Z
sensor.153931628473058_total_energy_consumption,1360.95,2026-03-22T22:49:29.974Z
sensor.153931628473058_total_energy_consumption,1360.96,2026-03-22T22:53:23.680Z
sensor.153931628473058_total_energy_consumption,1360.97,2026-03-22T22:53:57.060Z
sensor.153931628473058_total_energy_consumption,1360.98,2026-03-22T22:54:30.268Z
sensor.153931628473058_total_energy_consumption,1360.99,2026-03-22T22:55:03.461Z
sensor.153931628473058_total_energy_consumption,1361.0,2026-03-22T22:55:36.699Z
sensor.153931628473058_total_energy_consumption,1361.01,2026-03-22T22:56:43.048Z
sensor.153931628473058_total_energy_consumption,1361.02,2026-03-22T22:57:17.234Z
sensor.153931628473058_total_energy_consumption,1361.03,2026-03-22T22:58:23.622Z
sensor.153931628473058_total_energy_consumption,1361.04,2026-03-22T22:58:56.920Z
sensor.153931628473058_total_energy_consumption,1361.05,2026-03-22T23:02:49.432Z
sensor.153931628473058_total_energy_consumption,1361.06,2026-03-22T23:03:22.657Z
sensor.153931628473058_total_energy_consumption,1361.07,2026-03-22T23:04:29.145Z
sensor.153931628473058_total_energy_consumption,1361.08,2026-03-22T23:05:02.387Z
sensor.153931628473058_total_energy_consumption,1361.09,2026-03-22T23:05:35.617Z
sensor.153931628473058_total_energy_consumption,1361.1,2026-03-22T23:06:08.813Z
sensor.153931628473058_total_energy_consumption,1361.11,2026-03-22T23:07:15.284Z
sensor.153931628473058_total_energy_consumption,1361.12,2026-03-22T23:07:48.582Z
sensor.153931628473058_total_energy_consumption,1361.13,2026-03-22T23:08:55.170Z
sensor.153931628473058_total_energy_consumption,1361.14,2026-03-22T23:09:28.427Z
sensor.153931628473058_total_energy_consumption,1361.15,2026-03-22T23:10:34.852Z
sensor.153931628473058_total_energy_consumption,1361.16,2026-03-22T23:11:41.563Z
sensor.153931628473058_total_energy_consumption,1361.17,2026-03-22T23:12:15.867Z
sensor.153931628473058_total_energy_consumption,1361.18,2026-03-22T23:13:22.348Z
sensor.153931628473058_total_energy_consumption,1361.19,2026-03-22T23:13:55.595Z
sensor.153931628473058_total_energy_consumption,1361.2,2026-03-22T23:15:02.058Z
sensor.153931628473058_total_energy_consumption,1361.21,2026-03-22T23:16:08.556Z
sensor.153931628473058_total_energy_consumption,1361.22,2026-03-22T23:16:41.810Z
sensor.153931628473058_total_energy_consumption,1361.23,2026-03-22T23:17:48.393Z
sensor.153931628473058_total_energy_consumption,1361.24,2026-03-22T23:21:41.620Z
sensor.153931628473058_total_energy_consumption,1361.25,2026-03-22T23:22:14.894Z
sensor.153931628473058_total_energy_consumption,1361.26,2026-03-22T23:22:48.133Z
sensor.153931628473058_total_energy_consumption,1361.27,2026-03-22T23:23:21.388Z
sensor.153931628473058_total_energy_consumption,1361.28,2026-03-22T23:23:54.668Z
sensor.153931628473058_total_energy_consumption,1361.29,2026-03-22T23:25:01.339Z
sensor.153931628473058_total_energy_consumption,1361.3,2026-03-22T23:25:35.233Z
sensor.153931628473058_total_energy_consumption,1361.31,2026-03-22T23:26:41.673Z
sensor.153931628473058_total_energy_consumption,1361.32,2026-03-22T23:27:14.918Z
sensor.153931628473058_total_energy_consumption,1361.33,2026-03-22T23:28:21.342Z
sensor.153931628473058_total_energy_consumption,1361.34,2026-03-22T23:29:27.696Z
sensor.153931628473058_total_energy_consumption,1361.35,2026-03-22T23:33:22.130Z
sensor.153931628473058_total_energy_consumption,1361.36,2026-03-22T23:33:55.451Z
sensor.153931628473058_total_energy_consumption,1361.37,2026-03-22T23:34:28.782Z
sensor.153931628473058_total_energy_consumption,1361.38,2026-03-22T23:35:02.065Z
sensor.153931628473058_total_energy_consumption,1361.39,2026-03-22T23:35:35.397Z
sensor.153931628473058_total_energy_consumption,1361.4,2026-03-22T23:36:41.965Z
sensor.153931628473058_total_energy_consumption,1361.41,2026-03-22T23:37:15.318Z
sensor.153931628473058_total_energy_consumption,1361.42,2026-03-22T23:38:21.730Z
sensor.153931628473058_total_energy_consumption,1361.43,2026-03-22T23:38:55.816Z
sensor.153931628473058_total_energy_consumption,1361.44,2026-03-22T23:42:49.271Z
sensor.153931628473058_total_energy_consumption,1361.45,2026-03-22T23:43:22.590Z
sensor.153931628473058_total_energy_consumption,1361.46,2026-03-22T23:44:29.100Z
sensor.153931628473058_total_energy_consumption,1361.47,2026-03-22T23:45:02.226Z
sensor.153931628473058_total_energy_consumption,1361.48,2026-03-22T23:45:35.459Z
sensor.153931628473058_total_energy_consumption,1361.49,2026-03-22T23:46:41.838Z
sensor.153931628473058_total_energy_consumption,1361.5,2026-03-22T23:47:15.057Z
sensor.153931628473058_total_energy_consumption,1361.51,2026-03-22T23:48:22.098Z
sensor.153931628473058_total_energy_consumption,1361.52,2026-03-22T23:48:55.370Z
sensor.153931628473058_total_energy_consumption,1361.53,2026-03-22T23:53:22.293Z
sensor.153931628473058_total_energy_consumption,1361.54,2026-03-22T23:53:55.478Z
sensor.153931628473058_total_energy_consumption,1361.55,2026-03-22T23:54:28.701Z
sensor.153931628473058_total_energy_consumption,1361.56,2026-03-22T23:55:01.933Z
sensor.153931628473058_total_energy_consumption,1361.57,2026-03-22T23:55:35.223Z
sensor.153931628473058_total_energy_consumption,1361.58,2026-03-22T23:56:08.421Z
sensor.153931628473058_total_energy_consumption,1361.59,2026-03-22T23:57:14.842Z
sensor.153931628473058_total_energy_consumption,1361.6,2026-03-22T23:58:21.407Z
sensor.153931628473058_total_energy_consumption,1361.61,2026-03-23T00:02:15.202Z
sensor.153931628473058_total_energy_consumption,1361.62,2026-03-23T00:02:48.452Z
sensor.153931628473058_total_energy_consumption,1361.63,2026-03-23T00:03:21.713Z
sensor.153931628473058_total_energy_consumption,1361.64,2026-03-23T00:03:54.917Z
sensor.153931628473058_total_energy_consumption,1361.65,2026-03-23T00:04:28.093Z
sensor.153931628473058_total_energy_consumption,1361.66,2026-03-23T00:05:34.544Z
sensor.153931628473058_total_energy_consumption,1361.67,2026-03-23T00:06:07.867Z
sensor.153931628473058_total_energy_consumption,1361.68,2026-03-23T00:06:41.130Z
sensor.153931628473058_total_energy_consumption,1361.69,2026-03-23T00:07:48.326Z
sensor.153931628473058_total_energy_consumption,1361.7,2026-03-23T00:08:54.754Z
sensor.153931628473058_total_energy_consumption,1361.71,2026-03-23T00:09:28.051Z
sensor.153931628473058_total_energy_consumption,1361.72,2026-03-23T00:13:20.665Z
sensor.153931628473058_total_energy_consumption,1361.73,2026-03-23T00:13:53.851Z
sensor.153931628473058_total_energy_consumption,1361.74,2026-03-23T00:14:27.092Z
sensor.153931628473058_total_energy_consumption,1361.75,2026-03-23T00:15:33.584Z
sensor.153931628473058_total_energy_consumption,1361.76,2026-03-23T00:16:06.766Z
sensor.153931628473058_total_energy_consumption,1361.77,2026-03-23T00:16:40.129Z
sensor.153931628473058_total_energy_consumption,1361.78,2026-03-23T00:17:46.593Z
sensor.153931628473058_total_energy_consumption,1361.79,2026-03-23T00:18:19.764Z
sensor.153931628473058_total_energy_consumption,1361.8,2026-03-23T00:19:26.296Z
sensor.153931628473058_total_energy_consumption,1361.81,2026-03-23T00:20:32.933Z
sensor.153931628473058_total_energy_consumption,1361.82,2026-03-23T00:24:25.782Z
sensor.153931628473058_total_energy_consumption,1361.83,2026-03-23T00:24:59.026Z
sensor.153931628473058_total_energy_consumption,1361.84,2026-03-23T00:25:32.321Z
sensor.153931628473058_total_energy_consumption,1361.85,2026-03-23T00:26:05.593Z
sensor.153931628473058_total_energy_consumption,1361.86,2026-03-23T00:26:38.884Z
sensor.153931628473058_total_energy_consumption,1361.87,2026-03-23T00:27:45.478Z
sensor.153931628473058_total_energy_consumption,1361.88,2026-03-23T00:28:18.736Z
sensor.153931628473058_total_energy_consumption,1361.89,2026-03-23T00:29:25.891Z
sensor.153931628473058_total_energy_consumption,1361.9,2026-03-23T00:29:59.155Z
sensor.153931628473058_total_energy_consumption,1361.91,2026-03-23T00:34:26.404Z
sensor.153931628473058_total_energy_consumption,1361.92,2026-03-23T00:34:59.714Z
sensor.153931628473058_total_energy_consumption,1361.93,2026-03-23T00:35:32.979Z
sensor.153931628473058_total_energy_consumption,1361.94,2026-03-23T00:36:07.182Z
sensor.153931628473058_total_energy_consumption,1361.95,2026-03-23T00:37:46.266Z
sensor.153931628473058_total_energy_consumption,1361.96,2026-03-23T05:22:32.668Z
sensor.153931628473058_total_energy_consumption,1361.97,2026-03-23T10:20:56.455Z
sensor.153931628473058_total_energy_consumption,1361.98,2026-03-23T15:19:39.066Z
sensor.153931628473058_total_energy_consumption,1361.99,2026-03-23T18:48:31.360Z
sensor.153931628473058_total_energy_consumption,1362.0,2026-03-23T22:08:19.005Z
sensor.153931628473058_total_energy_consumption,1362.01,2026-03-24T01:28:12.097Z
sensor.153931628473058_total_energy_consumption,1362.02,2026-03-24T06:14:17.607Z
sensor.153931628473058_total_energy_consumption,1362.03,2026-03-24T11:13:25.135Z
sensor.153931628473058_total_energy_consumption,1362.04,2026-03-24T16:12:17.317Z
sensor.153931628473058_total_energy_consumption,1362.05,2026-03-24T19:49:01.360Z
sensor.153931628473058_total_energy_consumption,1362.06,2026-03-24T23:39:32.426Z
sensor.153931628473058_total_energy_consumption,1362.07,2026-03-25T04:09:44.430Z
sensor.153931628473058_total_energy_consumption,1362.08,2026-03-25T07:29:50.004Z
sensor.153931628473058_total_energy_consumption,1362.09,2026-03-25T10:49:44.842Z
sensor.153931628473058_total_energy_consumption,1362.1,2026-03-25T14:09:49.480Z
sensor.153931628473058_total_energy_consumption,1362.11,2026-03-25T17:29:48.724Z
